user_id,age,gender,device_type,plan_duration
1,28,Male,Smartphone,1 Month
2,35,Female,Tablet,1 Month
3,42,Male,Smart TV,1 Month
4,51,Female,Laptop,1 Month
5,33,Male,Smartphone,1 Month
6,29,Female,Smart TV,1 Month
7,46,Male,Tablet,1 Month
8,39,Female,Laptop,1 Month
9,37,Male,Smartphone,1 Month
10,44,Female,Smart TV,1 Month
11,31,Female,Smartphone,1 Month
12,45,Male,Tablet,1 Month
13,48,Female,Laptop,1 Month
14,27,Male,Smartphone,1 Month
15,38,Female,Smart TV,1 Month
16,36,Male,Tablet,1 Month
17,30,Female,Laptop,1 Month
18,43,Male,Smartphone,1 Month
19,32,Female,Smart TV,1 Month
20,41,Male,Tablet,1 Month
21,26,Female,Laptop,1 Month
22,34,Male,Smartphone,1 Month
23,49,Female,Smart TV,1 Month
24,31,Male,Tablet,1 Month
25,40,Female,Laptop,1 Month
26,29,Male,Smartphone,1 Month
27,47,Female,Smart TV,1 Month
28,33,Male,Tablet,1 Month
29,36,Female,Laptop,1 Month
30,42,Male,Smartphone,1 Month
31,28,Female,Smart TV,1 Month
32,37,Male,Tablet,1 Month
33,41,Female,Laptop,1 Month
34,29,Male,Smartphone,1 Month
35,39,Female,Smart TV,1 Month
36,35,Male,Tablet,1 Month
37,45,Female,Laptop,1 Month
38,32,Male,Smartphone,1 Month
39,27,Female,Smart TV,1 Month
40,48,Male,Tablet,1 Month
41,31,Female,Laptop,1 Month
42,40,Male,Smartphone,1 Month
43,36,Female,Smart TV,1 Month
44,29,Male,Tablet,1 Month
45,43,Female,Laptop,1 Month
46,34,Male,Smartphone,1 Month
47,39,Female,Smart TV,1 Month
48,32,Male,Tablet,1 Month
49,28,Female,Laptop,1 Month
50,45,Male,Smartphone,1 Month
51,30,Female,Smart TV,1 Month
52,37,Male,Tablet,1 Month
53,41,Female,Laptop,1 Month
54,29,Male,Smartphone,1 Month
55,39,Female,Smart TV,1 Month
56,36,Male,Tablet,1 Month
57,46,Female,Laptop,1 Month
58,34,Male,Smartphone,1 Month
59,27,Female,Smart TV,1 Month
60,42,Male,Tablet,1 Month
61,28,Female,Laptop,1 Month
62,37,Male,Smartphone,1 Month
63,41,Female,Smart TV,1 Month
64,29,Male,Tablet,1 Month
65,40,Female,Laptop,1 Month
66,29,Male,Smartphone,1 Month
67,47,Female,Smart TV,1 Month
68,33,Male,Tablet,1 Month
69,36,Female,Laptop,1 Month
70,41,Male,Smartphone,1 Month
71,27,Male,Smartphone,1 Month
72,31,Female,Smartphone,1 Month
73,28,Female,Laptop,1 Month
74,41,Female,Smartphone,1 Month
75,28,Female,Laptop,1 Month
76,51,Female,Laptop,1 Month
77,45,Female,Smartphone,1 Month
78,49,Male,Tablet,1 Month
79,43,Female,Laptop,1 Month
80,43,Male,Tablet,1 Month
81,37,Male,Tablet,1 Month
82,35,Male,Laptop,1 Month
83,46,Female,Smartphone,1 Month
84,32,Male,Smartphone,1 Month
85,37,Female,Laptop,1 Month
86,29,Female,Smartphone,1 Month
87,45,Male,Smart TV,1 Month
88,47,Male,Tablet,1 Month
89,39,Male,Smartphone,1 Month
90,49,Female,Smartphone,1 Month
91,39,Male,Tablet,1 Month
92,39,Male,Smart TV,1 Month
93,35,Male,Smartphone,1 Month
94,44,Male,Smartphone,1 Month
95,34,Male,Laptop,1 Month
96,32,Male,Laptop,1 Month
97,29,Female,Tablet,1 Month
98,31,Female,Tablet,1 Month
99,29,Female,Tablet,1 Month
100,35,Male,Laptop,1 Month
101,46,Female,Tablet,1 Month
102,31,Male,Tablet,1 Month
103,36,Male,Laptop,1 Month
104,38,Male,Laptop,1 Month
105,46,Female,Laptop,1 Month
106,49,Female,Tablet,1 Month
107,29,Female,Smart TV,1 Month
108,27,Female,Smart TV,1 Month
109,35,Female,Tablet,1 Month
110,37,Female,Laptop,1 Month
111,40,Male,Tablet,1 Month
112,33,Female,Laptop,1 Month
113,37,Male,Tablet,1 Month
114,48,Male,Smartphone,1 Month
115,50,Female,Laptop,1 Month
116,45,Female,Smart TV,1 Month
117,40,Female,Tablet,1 Month
118,33,Male,Smartphone,1 Month
119,44,Female,Smartphone,1 Month
120,30,Female,Smart TV,1 Month
121,27,Male,Smart TV,1 Month
122,51,Male,Smart TV,1 Month
123,49,Female,Smartphone,1 Month
124,43,Male,Laptop,1 Month
125,42,Male,Smartphone,1 Month
126,45,Male,Laptop,1 Month
127,36,Male,Smartphone,1 Month
128,48,Male,Smartphone,1 Month
129,38,Male,Smart TV,1 Month
130,43,Female,Tablet,1 Month
131,47,Male,Laptop,1 Month
132,48,Female,Smart TV,1 Month
133,47,Male,Smart TV,1 Month
134,32,Male,Tablet,1 Month
135,47,Female,Smart TV,1 Month
136,41,Female,Smart TV,1 Month
137,49,Male,Laptop,1 Month
138,28,Male,Laptop,1 Month
139,40,Male,Smartphone,1 Month
140,43,Female,Smartphone,1 Month
141,42,Male,Smartphone,1 Month
142,28,Male,Smart TV,1 Month
143,30,Female,Tablet,1 Month
144,33,Male,Smart TV,1 Month
145,35,Female,Laptop,1 Month
146,38,Male,Tablet,1 Month
147,49,Female,Laptop,1 Month
148,39,Female,Smartphone,1 Month
149,46,Female,Smart TV,1 Month
150,47,Female,Laptop,1 Month
151,30,Female,Laptop,1 Month
152,33,Female,Tablet,1 Month
153,47,Male,Smartphone,1 Month
154,27,Male,Laptop,1 Month
155,28,Male,Tablet,1 Month
156,47,Male,Smartphone,1 Month
157,30,Male,Laptop,1 Month
158,47,Female,Smartphone,1 Month
159,51,Female,Smart TV,1 Month
160,39,Male,Smartphone,1 Month
161,45,Male,Tablet,1 Month
162,31,Male,Laptop,1 Month
163,29,Male,Laptop,1 Month
164,42,Female,Tablet,1 Month
165,49,Male,Tablet,1 Month
166,42,Male,Laptop,1 Month
167,29,Male,Smartphone,1 Month
168,29,Male,Tablet,1 Month
169,49,Male,Tablet,1 Month
170,32,Male,Laptop,1 Month
171,35,Female,Tablet,1 Month
172,39,Female,Smartphone,1 Month
173,40,Male,Smartphone,1 Month
174,39,Female,Tablet,1 Month
175,47,Female,Laptop,1 Month
176,37,Female,Smart TV,1 Month
177,27,Female,Smartphone,1 Month
178,49,Female,Laptop,1 Month
179,30,Female,Tablet,1 Month
180,36,Male,Laptop,1 Month
181,33,Male,Smartphone,1 Month
182,30,Female,Laptop,1 Month
183,36,Female,Tablet,1 Month
184,28,Female,Laptop,1 Month
185,47,Female,Tablet,1 Month
186,33,Female,Smart TV,1 Month
187,49,Female,Laptop,1 Month
188,44,Female,Smart TV,1 Month
189,47,Male,Smart TV,1 Month
190,37,Female,Tablet,1 Month
191,46,Male,Laptop,1 Month
192,50,Female,Smartphone,1 Month
193,50,Male,Laptop,1 Month
194,37,Male,Laptop,1 Month
195,50,Female,Smartphone,1 Month
196,45,Female,Smart TV,1 Month
197,45,Male,Tablet,1 Month
198,49,Female,Laptop,1 Month
199,39,Female,Tablet,1 Month
200,45,Female,Tablet,1 Month
201,49,Female,Smart TV,1 Month
202,31,Female,Tablet,1 Month
203,42,Female,Smart TV,1 Month
204,37,Male,Smartphone,1 Month
205,30,Male,Smart TV,1 Month
206,40,Male,Smartphone,1 Month
207,45,Female,Smartphone,1 Month
208,36,Female,Tablet,1 Month
209,41,Male,Laptop,1 Month
210,49,Female,Laptop,1 Month
211,40,Male,Tablet,1 Month
212,36,Male,Smart TV,1 Month
213,49,Female,Smart TV,1 Month
214,43,Female,Laptop,1 Month
215,50,Female,Smartphone,1 Month
216,51,Female,Smart TV,1 Month
217,44,Male,Smart TV,1 Month
218,27,Male,Tablet,1 Month
219,46,Female,Smartphone,1 Month
220,29,Male,Tablet,1 Month
221,47,Male,Smartphone,1 Month
222,48,Female,Smartphone,1 Month
223,34,Female,Smartphone,1 Month
224,40,Female,Smartphone,1 Month
225,48,Female,Smartphone,1 Month
226,35,Male,Smartphone,1 Month
227,51,Female,Smartphone,1 Month
228,39,Male,Smart TV,1 Month
229,29,Male,Smartphone,1 Month
230,51,Male,Laptop,1 Month
231,43,Male,Smartphone,1 Month
232,28,Male,Smartphone,1 Month
233,50,Female,Smart TV,1 Month
234,44,Female,Laptop,1 Month
235,50,Male,Laptop,1 Month
236,39,Female,Smartphone,1 Month
237,46,Female,Tablet,1 Month
238,48,Male,Smartphone,1 Month
239,38,Male,Smart TV,1 Month
240,38,Male,Smartphone,1 Month
241,47,Male,Laptop,1 Month
242,37,Male,Laptop,1 Month
243,33,Male,Laptop,1 Month
244,28,Male,Smartphone,1 Month
245,47,Male,Smart TV,1 Month
246,38,Female,Smartphone,1 Month
247,27,Male,Smart TV,1 Month
248,34,Male,Smartphone,1 Month
249,42,Female,Smartphone,1 Month
250,28,Male,Laptop,1 Month
251,30,Male,Laptop,1 Month
252,38,Female,Smartphone,1 Month
253,45,Female,Tablet,1 Month
254,48,Female,Smart TV,1 Month
255,46,Female,Smart TV,1 Month
256,34,Male,Tablet,1 Month
257,46,Male,Laptop,1 Month
258,41,Female,Smartphone,1 Month
259,28,Male,Smartphone,1 Month
260,27,Female,Smartphone,1 Month
261,27,Female,Smart TV,1 Month
262,28,Female,Tablet,1 Month
263,46,Male,Smartphone,1 Month
264,51,Male,Smartphone,1 Month
265,32,Female,Smart TV,1 Month
266,44,Male,Tablet,1 Month
267,44,Female,Laptop,1 Month
268,34,Female,Smart TV,1 Month
269,29,Female,Laptop,1 Month
270,47,Male,Smart TV,1 Month
271,41,Male,Laptop,1 Month
272,36,Female,Smartphone,1 Month
273,28,Female,Laptop,1 Month
274,27,Female,Tablet,1 Month
275,34,Female,Laptop,1 Month
276,34,Female,Smart TV,1 Month
277,37,Female,Tablet,1 Month
278,34,Female,Laptop,1 Month
279,50,Female,Laptop,1 Month
280,34,Female,Laptop,1 Month
281,33,Female,Smart TV,1 Month
282,33,Male,Smart TV,1 Month
283,46,Male,Smartphone,1 Month
284,39,Female,Smartphone,1 Month
285,42,Female,Laptop,1 Month
286,50,Female,Laptop,1 Month
287,43,Male,Smartphone,1 Month
288,51,Male,Smart TV,1 Month
289,34,Female,Smart TV,1 Month
290,48,Male,Smartphone,1 Month
291,29,Female,Tablet,1 Month
292,43,Female,Laptop,1 Month
293,39,Female,Laptop,1 Month
294,50,Male,Laptop,1 Month
295,45,Male,Laptop,1 Month
296,48,Female,Tablet,1 Month
297,40,Male,Smartphone,1 Month
298,41,Male,Tablet,1 Month
299,27,Male,Smartphone,1 Month
300,36,Male,Laptop,1 Month
301,36,Female,Laptop,1 Month
302,44,Male,Tablet,1 Month
303,45,Male,Tablet,1 Month
304,33,Female,Smartphone,1 Month
305,47,Male,Smart TV,1 Month
306,45,Male,Tablet,1 Month
307,29,Female,Smart TV,1 Month
308,31,Male,Smart TV,1 Month
309,31,Male,Smartphone,1 Month
310,49,Female,Smartphone,1 Month
311,29,Female,Smartphone,1 Month
312,50,Male,Laptop,1 Month
313,36,Female,Laptop,1 Month
314,28,Male,Laptop,1 Month
315,47,Female,Smart TV,1 Month
316,50,Female,Laptop,1 Month
317,44,Female,Tablet,1 Month
318,39,Female,Laptop,1 Month
319,32,Female,Smartphone,1 Month
320,30,Female,Laptop,1 Month
321,33,Female,Smartphone,1 Month
322,44,Male,Smartphone,1 Month
323,40,Male,Smartphone,1 Month
324,32,Male,Tablet,1 Month
325,32,Male,Tablet,1 Month
326,30,Male,Smartphone,1 Month
327,32,Female,Smartphone,1 Month
328,45,Female,Tablet,1 Month
329,35,Female,Smart TV,1 Month
330,40,Female,Smart TV,1 Month
331,29,Female,Tablet,1 Month
332,31,Male,Tablet,1 Month
333,43,Female,Smart TV,1 Month
334,34,Male,Smart TV,1 Month
335,47,Female,Tablet,1 Month
336,35,Male,Laptop,1 Month
337,36,Male,Laptop,1 Month
338,33,Male,Tablet,1 Month
339,30,Female,Laptop,1 Month
340,44,Female,Smartphone,1 Month
341,44,Female,Laptop,1 Month
342,41,Female,Laptop,1 Month
343,46,Male,Smart TV,1 Month
344,42,Female,Smartphone,1 Month
345,48,Female,Smart TV,1 Month
346,37,Male,Tablet,1 Month
347,29,Male,Smartphone,1 Month
348,30,Male,Smart TV,1 Month
349,28,Male,Smartphone,1 Month
350,44,Female,Smartphone,1 Month
351,34,Female,Smart TV,1 Month
352,38,Male,Laptop,1 Month
353,34,Female,Smartphone,1 Month
354,40,Female,Laptop,1 Month
355,32,Female,Tablet,1 Month
356,38,Male,Smart TV,1 Month
357,39,Male,Smartphone,1 Month
358,34,Female,Smart TV,1 Month
359,41,Male,Smartphone,1 Month
360,43,Female,Tablet,1 Month
361,36,Female,Laptop,1 Month
362,31,Male,Laptop,1 Month
363,47,Female,Smart TV,1 Month
364,48,Male,Smart TV,1 Month
365,36,Male,Laptop,1 Month
366,41,Male,Smart TV,1 Month
367,32,Male,Laptop,1 Month
368,28,Male,Smartphone,1 Month
369,46,Female,Smartphone,1 Month
370,46,Female,Smartphone,1 Month
371,47,Male,Tablet,1 Month
372,31,Female,Tablet,1 Month
373,44,Female,Tablet,1 Month
374,39,Female,Laptop,1 Month
375,44,Female,Laptop,1 Month
376,39,Female,Smartphone,1 Month
377,37,Male,Laptop,1 Month
378,47,Female,Laptop,1 Month
379,46,Female,Smart TV,1 Month
380,27,Female,Smart TV,1 Month
381,43,Female,Laptop,1 Month
382,51,Male,Smart TV,1 Month
383,49,Male,Smart TV,1 Month
384,35,Female,Smartphone,1 Month
385,44,Male,Smartphone,1 Month
386,48,Male,Tablet,1 Month
387,39,Female,Tablet,1 Month
388,38,Male,Laptop,1 Month
389,45,Male,Smart TV,1 Month
390,43,Female,Laptop,1 Month
391,42,Male,Laptop,1 Month
392,28,Male,Smart TV,1 Month
393,40,Male,Tablet,1 Month
394,41,Female,Tablet,1 Month
395,45,Female,Laptop,1 Month
396,30,Female,Smartphone,1 Month
397,31,Female,Smartphone,1 Month
398,51,Female,Tablet,1 Month
399,44,Female,Smartphone,1 Month
400,49,Male,Laptop,1 Month
401,47,Female,Laptop,1 Month
402,42,Male,Smartphone,1 Month
403,28,Male,Smartphone,1 Month
404,28,Male,Smartphone,1 Month
405,49,Female,Tablet,1 Month
406,32,Female,Smartphone,1 Month
407,37,Female,Tablet,1 Month
408,37,Female,Tablet,1 Month
409,37,Male,Smartphone,1 Month
410,37,Male,Smart TV,1 Month
411,48,Female,Tablet,1 Month
412,47,Male,Laptop,1 Month
413,41,Female,Smartphone,1 Month
414,47,Female,Laptop,1 Month
415,39,Female,Smartphone,1 Month
416,28,Male,Tablet,1 Month
417,31,Male,Smart TV,1 Month
418,47,Female,Smart TV,1 Month
419,27,Female,Laptop,1 Month
420,28,Male,Laptop,1 Month
421,33,Male,Tablet,1 Month
422,29,Female,Tablet,1 Month
423,41,Male,Smartphone,1 Month
424,28,Female,Tablet,1 Month
425,38,Male,Tablet,1 Month
426,35,Male,Laptop,1 Month
427,51,Male,Smart TV,1 Month
428,45,Male,Smartphone,1 Month
429,51,Male,Laptop,1 Month
430,46,Female,Smart TV,1 Month
431,28,Male,Smart TV,1 Month
432,46,Female,Smart TV,1 Month
433,46,Female,Smartphone,1 Month
434,32,Female,Laptop,1 Month
435,39,Female,Smart TV,1 Month
436,41,Female,Smartphone,1 Month
437,47,Male,Smart TV,1 Month
438,35,Male,Smart TV,1 Month
439,37,Female,Smart TV,1 Month
440,47,Male,Tablet,1 Month
441,48,Female,Laptop,1 Month
442,30,Female,Laptop,1 Month
443,36,Male,Smart TV,1 Month
444,50,Female,Smartphone,1 Month
445,41,Male,Tablet,1 Month
446,46,Female,Smartphone,1 Month
447,36,Female,Laptop,1 Month
448,48,Male,Tablet,1 Month
449,37,Female,Laptop,1 Month
450,49,Male,Laptop,1 Month
451,31,Female,Laptop,1 Month
452,42,Female,Laptop,1 Month
453,45,Female,Tablet,1 Month
454,51,Female,Tablet,1 Month
455,31,Female,Smart TV,1 Month
456,41,Male,Tablet,1 Month
457,40,Male,Smart TV,1 Month
458,27,Male,Tablet,1 Month
459,46,Female,Tablet,1 Month
460,30,Female,Smart TV,1 Month
461,37,Male,Smart TV,1 Month
462,45,Male,Smartphone,1 Month
463,40,Male,Smart TV,1 Month
464,45,Male,Laptop,1 Month
465,34,Male,Laptop,1 Month
466,33,Male,Laptop,1 Month
467,47,Female,Laptop,1 Month
468,32,Male,Smart TV,1 Month
469,41,Female,Tablet,1 Month
470,31,Female,Tablet,1 Month
471,43,Male,Tablet,1 Month
472,32,Female,Tablet,1 Month
473,46,Female,Smartphone,1 Month
474,38,Male,Smartphone,1 Month
475,31,Female,Smart TV,1 Month
476,31,Female,Laptop,1 Month
477,50,Male,Laptop,1 Month
478,32,Male,Laptop,1 Month
479,38,Female,Smartphone,1 Month
480,37,Female,Laptop,1 Month
481,36,Male,Smart TV,1 Month
482,30,Male,Smart TV,1 Month
483,28,Male,Smart TV,1 Month
484,40,Male,Smartphone,1 Month
485,28,Female,Tablet,1 Month
486,37,Female,Laptop,1 Month
487,30,Male,Smart TV,1 Month
488,33,Female,Smart TV,1 Month
489,49,Male,Tablet,1 Month
490,36,Female,Smart TV,1 Month
491,28,Female,Smartphone,1 Month
492,51,Male,Tablet,1 Month
493,35,Female,Smartphone,1 Month
494,31,Male,Smart TV,1 Month
495,39,Male,Smartphone,1 Month
496,51,Female,Laptop,1 Month
497,44,Male,Smartphone,1 Month
498,41,Female,Smartphone,1 Month
499,28,Female,Laptop,1 Month
500,38,Male,Laptop,1 Month
501,43,Male,Smartphone,1 Month
502,38,Male,Smartphone,1 Month
503,30,Male,Tablet,1 Month
504,32,Female,Laptop,1 Month
505,35,Male,Smartphone,1 Month
506,27,Male,Smart TV,1 Month
507,49,Female,Tablet,1 Month
508,42,Female,Tablet,1 Month
509,40,Male,Smartphone,1 Month
510,43,Female,Tablet,1 Month
511,44,Female,Smart TV,1 Month
512,32,Male,Tablet,1 Month
513,50,Male,Tablet,1 Month
514,35,Male,Tablet,1 Month
515,44,Female,Laptop,1 Month
516,42,Female,Smart TV,1 Month
517,34,Female,Smart TV,1 Month
518,37,Female,Tablet,1 Month
519,43,Male,Smartphone,1 Month
520,32,Male,Smart TV,1 Month
521,33,Female,Smart TV,1 Month
522,32,Female,Tablet,1 Month
523,41,Male,Smartphone,1 Month
524,31,Male,Tablet,1 Month
525,44,Male,Tablet,1 Month
526,49,Male,Laptop,1 Month
527,48,Female,Tablet,1 Month
528,42,Female,Smartphone,1 Month
529,50,Female,Laptop,1 Month
530,49,Female,Smart TV,1 Month
531,30,Female,Laptop,1 Month
532,38,Male,Laptop,1 Month
533,38,Male,Smartphone,1 Month
534,39,Female,Smart TV,1 Month
535,42,Female,Laptop,1 Month
536,28,Male,Smart TV,1 Month
537,38,Male,Smartphone,1 Month
538,40,Female,Tablet,1 Month
539,30,Female,Tablet,1 Month
540,40,Male,Smartphone,1 Month
541,31,Male,Smart TV,1 Month
542,41,Male,Smartphone,1 Month
543,37,Male,Smartphone,1 Month
544,49,Male,Tablet,1 Month
545,29,Male,Smart TV,1 Month
546,31,Male,Smart TV,1 Month
547,39,Male,Tablet,1 Month
548,51,Female,Smartphone,1 Month
549,38,Female,Smartphone,1 Month
550,29,Female,Tablet,1 Month
551,41,Female,Laptop,1 Month
552,48,Female,Tablet,1 Month
553,39,Male,Smart TV,1 Month
554,37,Male,Smartphone,1 Month
555,37,Female,Smartphone,1 Month
556,34,Male,Smartphone,1 Month
557,37,Male,Smartphone,1 Month
558,37,Female,Smart TV,1 Month
559,51,Female,Tablet,1 Month
560,45,Male,Laptop,1 Month
561,29,Female,Laptop,1 Month
562,37,Male,Laptop,1 Month
563,34,Male,Tablet,1 Month
564,35,Male,Smartphone,1 Month
565,29,Male,Laptop,1 Month
566,45,Male,Tablet,1 Month
567,36,Male,Smart TV,1 Month
568,27,Female,Laptop,1 Month
569,31,Female,Laptop,1 Month
570,41,Female,Laptop,1 Month
571,37,Male,Smart TV,1 Month
572,49,Female,Tablet,1 Month
573,37,Female,Smart TV,1 Month
574,36,Female,Smartphone,1 Month
575,38,Female,Smart TV,1 Month
576,49,Female,Tablet,1 Month
577,31,Male,Laptop,1 Month
578,29,Female,Laptop,1 Month
579,35,Female,Tablet,1 Month
580,46,Female,Tablet,1 Month
581,29,Female,Laptop,1 Month
582,43,Female,Laptop,1 Month
583,38,Female,Tablet,1 Month
584,48,Female,Smart TV,1 Month
585,41,Male,Laptop,1 Month
586,51,Female,Laptop,1 Month
587,39,Male,Smart TV,1 Month
588,31,Male,Smartphone,1 Month
589,28,Male,Laptop,1 Month
590,47,Male,Laptop,1 Month
591,35,Female,Smart TV,1 Month
592,33,Male,Smartphone,1 Month
593,41,Male,Smartphone,1 Month
594,38,Female,Smart TV,1 Month
595,49,Male,Laptop,1 Month
596,29,Female,Smart TV,1 Month
597,50,Male,Laptop,1 Month
598,29,Female,Tablet,1 Month
599,44,Male,Smart TV,1 Month
600,36,Female,Smart TV,1 Month
601,46,Female,Smart TV,1 Month
602,30,Male,Smartphone,1 Month
603,46,Female,Tablet,1 Month
604,33,Male,Smartphone,1 Month
605,46,Female,Tablet,1 Month
606,50,Male,Tablet,1 Month
607,27,Female,Smart TV,1 Month
608,48,Female,Smart TV,1 Month
609,50,Female,Smartphone,1 Month
610,28,Female,Tablet,1 Month
611,29,Female,Smartphone,1 Month
612,36,Male,Smart TV,1 Month
613,51,Male,Laptop,1 Month
614,51,Male,Smartphone,1 Month
615,43,Male,Smart TV,1 Month
616,38,Female,Laptop,1 Month
617,45,Female,Smartphone,1 Month
618,28,Female,Smart TV,1 Month
619,27,Male,Smartphone,1 Month
620,41,Female,Smartphone,1 Month
621,49,Male,Smart TV,1 Month
622,35,Male,Smartphone,1 Month
623,29,Female,Smart TV,1 Month
624,42,Male,Smartphone,1 Month
625,33,Male,Tablet,1 Month
626,30,Male,Laptop,1 Month
627,43,Female,Smart TV,1 Month
628,42,Male,Smartphone,1 Month
629,39,Male,Tablet,1 Month
630,32,Female,Smart TV,1 Month
631,31,Male,Smartphone,1 Month
632,39,Male,Smartphone,1 Month
633,41,Female,Smartphone,1 Month
634,51,Female,Smart TV,1 Month
635,29,Male,Laptop,1 Month
636,33,Female,Smart TV,1 Month
637,51,Female,Tablet,1 Month
638,38,Male,Tablet,1 Month
639,37,Female,Laptop,1 Month
640,50,Female,Laptop,1 Month
641,33,Male,Tablet,1 Month
642,27,Male,Laptop,1 Month
643,50,Female,Smartphone,1 Month
644,47,Female,Laptop,1 Month
645,41,Male,Laptop,1 Month
646,49,Female,Laptop,1 Month
647,32,Male,Smart TV,1 Month
648,38,Female,Smartphone,1 Month
649,38,Female,Smartphone,1 Month
650,28,Female,Smart TV,1 Month
651,31,Male,Tablet,1 Month
652,39,Female,Smartphone,1 Month
653,28,Female,Smartphone,1 Month
654,30,Female,Smartphone,1 Month
655,42,Male,Tablet,1 Month
656,33,Female,Laptop,1 Month
657,34,Female,Smart TV,1 Month
658,49,Female,Smart TV,1 Month
659,41,Male,Laptop,1 Month
660,28,Male,Smart TV,1 Month
661,49,Female,Laptop,1 Month
662,49,Male,Tablet,1 Month
663,36,Male,Tablet,1 Month
664,31,Male,Smart TV,1 Month
665,38,Male,Smartphone,1 Month
666,34,Female,Tablet,1 Month
667,51,Female,Smartphone,1 Month
668,49,Male,Smart TV,1 Month
669,27,Female,Tablet,1 Month
670,38,Male,Smart TV,1 Month
671,51,Male,Tablet,1 Month
672,47,Female,Tablet,1 Month
673,37,Male,Smartphone,1 Month
674,37,Female,Laptop,1 Month
675,39,Female,Tablet,1 Month
676,31,Male,Smartphone,1 Month
677,36,Male,Smart TV,1 Month
678,42,Female,Smart TV,1 Month
679,49,Male,Laptop,1 Month
680,44,Female,Laptop,1 Month
681,33,Male,Laptop,1 Month
682,42,Male,Tablet,1 Month
683,39,Male,Smartphone,1 Month
684,49,Male,Smartphone,1 Month
685,31,Male,Smartphone,1 Month
686,37,Male,Tablet,1 Month
687,30,Female,Tablet,1 Month
688,42,Male,Smartphone,1 Month
689,37,Female,Smart TV,1 Month
690,36,Male,Laptop,1 Month
691,28,Female,Laptop,1 Month
692,36,Male,Tablet,1 Month
693,31,Female,Tablet,1 Month
694,46,Male,Smart TV,1 Month
695,28,Male,Laptop,1 Month
696,31,Male,Tablet,1 Month
697,43,Male,Smart TV,1 Month
698,28,Male,Laptop,1 Month
699,32,Female,Smartphone,1 Month
700,31,Female,Laptop,1 Month
701,45,Male,Smart TV,1 Month
702,36,Male,Smartphone,1 Month
703,35,Male,Laptop,1 Month
704,27,Female,Tablet,1 Month
705,32,Male,Laptop,1 Month
706,46,Female,Smartphone,1 Month
707,36,Male,Smart TV,1 Month
708,39,Male,Laptop,1 Month
709,48,Female,Smart TV,1 Month
710,48,Female,Smart TV,1 Month
711,27,Female,Laptop,1 Month
712,45,Male,Tablet,1 Month
713,30,Male,Laptop,1 Month
714,29,Male,Tablet,1 Month
715,43,Female,Laptop,1 Month
716,43,Male,Laptop,1 Month
717,39,Female,Tablet,1 Month
718,27,Male,Tablet,1 Month
719,33,Female,Tablet,1 Month
720,32,Female,Tablet,1 Month
721,37,Female,Tablet,1 Month
722,45,Male,Smartphone,1 Month
723,40,Female,Smartphone,1 Month
724,44,Male,Laptop,1 Month
725,29,Female,Tablet,1 Month
726,50,Male,Laptop,1 Month
727,32,Female,Laptop,1 Month
728,39,Male,Laptop,1 Month
729,43,Female,Smartphone,1 Month
730,49,Female,Smartphone,1 Month
731,30,Male,Tablet,1 Month
732,47,Male,Tablet,1 Month
733,51,Female,Laptop,1 Month
734,40,Male,Tablet,1 Month
735,40,Male,Laptop,1 Month
736,49,Male,Smartphone,1 Month
737,43,Female,Tablet,1 Month
738,44,Female,Smartphone,1 Month
739,27,Male,Smartphone,1 Month
740,30,Male,Tablet,1 Month
741,47,Male,Smart TV,1 Month
742,51,Male,Smartphone,1 Month
743,31,Female,Laptop,1 Month
744,34,Female,Tablet,1 Month
745,28,Female,Laptop,1 Month
746,32,Male,Smartphone,1 Month
747,41,Male,Smart TV,1 Month
748,40,Male,Smart TV,1 Month
749,46,Male,Smart TV,1 Month
750,47,Male,Smart TV,1 Month
751,45,Female,Laptop,1 Month
752,28,Female,Smartphone,1 Month
753,43,Female,Smartphone,1 Month
754,41,Male,Laptop,1 Month
755,32,Male,Tablet,1 Month
756,44,Female,Smartphone,1 Month
757,32,Male,Laptop,1 Month
758,47,Male,Laptop,1 Month
759,37,Male,Smart TV,1 Month
760,40,Female,Smartphone,1 Month
761,48,Female,Smart TV,1 Month
762,48,Male,Laptop,1 Month
763,35,Male,Laptop,1 Month
764,28,Male,Smart TV,1 Month
765,35,Female,Smart TV,1 Month
766,43,Male,Smartphone,1 Month
767,39,Male,Laptop,1 Month
768,38,Female,Laptop,1 Month
769,36,Female,Smart TV,1 Month
770,42,Female,Laptop,1 Month
771,27,Male,Tablet,1 Month
772,48,Male,Laptop,1 Month
773,27,Female,Smart TV,1 Month
774,49,Male,Smartphone,1 Month
775,29,Male,Tablet,1 Month
776,44,Male,Laptop,1 Month
777,31,Male,Smartphone,1 Month
778,33,Male,Tablet,1 Month
779,36,Female,Smart TV,1 Month
780,43,Female,Laptop,1 Month
781,30,Female,Smartphone,1 Month
782,44,Female,Laptop,1 Month
783,37,Female,Laptop,1 Month
784,27,Male,Laptop,1 Month
785,35,Female,Laptop,1 Month
786,32,Male,Smart TV,1 Month
787,49,Female,Laptop,1 Month
788,45,Female,Tablet,1 Month
789,33,Female,Smartphone,1 Month
790,37,Female,Smartphone,1 Month
791,29,Male,Smartphone,1 Month
792,45,Male,Smart TV,1 Month
793,42,Female,Smartphone,1 Month
794,32,Female,Smart TV,1 Month
795,47,Male,Smartphone,1 Month
796,27,Male,Smart TV,1 Month
797,35,Male,Tablet,1 Month
798,35,Male,Laptop,1 Month
799,48,Male,Tablet,1 Month
800,36,Male,Smartphone,1 Month
801,46,Male,Smartphone,1 Month
802,33,Female,Smartphone,1 Month
803,43,Male,Smart TV,1 Month
804,47,Female,Smartphone,1 Month
805,39,Female,Laptop,1 Month
806,30,Female,Laptop,1 Month
807,46,Male,Tablet,1 Month
808,39,Male,Smart TV,1 Month
809,28,Male,Smartphone,1 Month
810,38,Male,Smartphone,1 Month
811,36,Male,Laptop,1 Month
812,33,Male,Laptop,1 Month
813,50,Male,Smartphone,1 Month
814,38,Male,Smartphone,1 Month
815,29,Male,Smartphone,1 Month
816,47,Female,Smart TV,1 Month
817,31,Female,Tablet,1 Month
818,40,Male,Tablet,1 Month
819,50,Male,Laptop,1 Month
820,43,Female,Tablet,1 Month
821,35,Female,Laptop,1 Month
822,36,Male,Laptop,1 Month
823,30,Male,Smartphone,1 Month
824,47,Female,Smartphone,1 Month
825,30,Female,Laptop,1 Month
826,37,Male,Smart TV,1 Month
827,34,Male,Smartphone,1 Month
828,33,Female,Smart TV,1 Month
829,31,Male,Tablet,1 Month
830,30,Female,Smartphone,1 Month
831,35,Male,Smartphone,1 Month
832,40,Female,Tablet,1 Month
833,29,Male,Smartphone,1 Month
834,34,Female,Smart TV,1 Month
835,31,Male,Laptop,1 Month
836,28,Male,Laptop,1 Month
837,46,Female,Smart TV,1 Month
838,38,Male,Smartphone,1 Month
839,35,Female,Laptop,1 Month
840,49,Male,Smartphone,1 Month
841,42,Male,Smartphone,1 Month
842,37,Female,Laptop,1 Month
843,39,Female,Smartphone,1 Month
844,47,Female,Smart TV,1 Month
845,49,Male,Smartphone,1 Month
846,35,Male,Laptop,1 Month
847,36,Female,Smart TV,1 Month
848,40,Male,Tablet,1 Month
849,30,Female,Smart TV,1 Month
850,51,Female,Smart TV,1 Month
851,47,Male,Laptop,1 Month
852,47,Female,Laptop,1 Month
853,39,Male,Tablet,1 Month
854,49,Male,Smart TV,1 Month
855,33,Male,Laptop,1 Month
856,32,Female,Smart TV,1 Month
857,40,Male,Smartphone,1 Month
858,40,Female,Laptop,1 Month
859,51,Female,Tablet,1 Month
860,50,Male,Smart TV,1 Month
861,50,Female,Smart TV,1 Month
862,47,Male,Smartphone,1 Month
863,35,Male,Laptop,1 Month
864,31,Male,Tablet,1 Month
865,36,Male,Smartphone,1 Month
866,41,Female,Smart TV,1 Month
867,49,Female,Tablet,1 Month
868,34,Female,Tablet,1 Month
869,30,Female,Tablet,1 Month
870,38,Male,Laptop,1 Month
871,45,Male,Tablet,1 Month
872,42,Female,Laptop,1 Month
873,42,Female,Smart TV,1 Month
874,31,Male,Smart TV,1 Month
875,28,Male,Smart TV,1 Month
876,44,Male,Tablet,1 Month
877,30,Male,Smart TV,1 Month
878,33,Male,Smartphone,1 Month
879,42,Female,Tablet,1 Month
880,31,Male,Smart TV,1 Month
881,31,Female,Smartphone,1 Month
882,46,Female,Smart TV,1 Month
883,28,Female,Tablet,1 Month
884,50,Male,Tablet,1 Month
885,34,Male,Tablet,1 Month
886,45,Female,Smart TV,1 Month
887,38,Female,Laptop,1 Month
888,42,Female,Laptop,1 Month
889,45,Female,Smartphone,1 Month
890,44,Male,Smart TV,1 Month
891,50,Female,Smart TV,1 Month
892,38,Male,Tablet,1 Month
893,42,Female,Smart TV,1 Month
894,50,Male,Smart TV,1 Month
895,30,Male,Smartphone,1 Month
896,47,Female,Smartphone,1 Month
897,32,Female,Laptop,1 Month
898,31,Female,Tablet,1 Month
899,37,Male,Laptop,1 Month
900,32,Female,Smartphone,1 Month
901,29,Male,Smartphone,1 Month
902,28,Male,Tablet,1 Month
903,42,Male,Laptop,1 Month
904,37,Male,Tablet,1 Month
905,38,Female,Laptop,1 Month
906,32,Male,Smart TV,1 Month
907,48,Male,Laptop,1 Month
908,46,Female,Smart TV,1 Month
909,30,Male,Tablet,1 Month
910,40,Female,Smart TV,1 Month
911,29,Male,Smart TV,1 Month
912,41,Male,Tablet,1 Month
913,32,Male,Laptop,1 Month
914,44,Female,Smart TV,1 Month
915,41,Male,Laptop,1 Month
916,50,Female,Smartphone,1 Month
917,33,Female,Tablet,1 Month
918,34,Female,Smart TV,1 Month
919,40,Male,Smartphone,1 Month
920,34,Female,Tablet,1 Month
921,27,Female,Smart TV,1 Month
922,34,Male,Tablet,1 Month
923,28,Male,Tablet,1 Month
924,37,Female,Smart TV,1 Month
925,27,Female,Laptop,1 Month
926,33,Female,Laptop,1 Month
927,42,Male,Laptop,1 Month
928,49,Male,Smartphone,1 Month
929,44,Male,Smart TV,1 Month
930,47,Male,Laptop,1 Month
931,33,Male,Laptop,1 Month
932,37,Male,Smart TV,1 Month
933,35,Male,Laptop,1 Month
934,34,Female,Smartphone,1 Month
935,44,Male,Smartphone,1 Month
936,29,Male,Tablet,1 Month
937,38,Male,Smartphone,1 Month
938,46,Male,Smart TV,1 Month
939,29,Male,Tablet,1 Month
940,48,Female,Smart TV,1 Month
941,36,Male,Smart TV,1 Month
942,43,Male,Laptop,1 Month
943,42,Female,Smart TV,1 Month
944,50,Male,Tablet,1 Month
945,39,Male,Laptop,1 Month
946,43,Female,Laptop,1 Month
947,50,Female,Tablet,1 Month
948,51,Male,Laptop,1 Month
949,40,Male,Tablet,1 Month
950,31,Male,Tablet,1 Month
951,39,Female,Smartphone,1 Month
952,49,Female,Tablet,1 Month
953,34,Female,Laptop,1 Month
954,38,Male,Smartphone,1 Month
955,36,Female,Laptop,1 Month
956,42,Female,Smart TV,1 Month
957,50,Male,Tablet,1 Month
958,42,Female,Laptop,1 Month
959,35,Female,Laptop,1 Month
960,46,Female,Tablet,1 Month
961,48,Male,Laptop,1 Month
962,43,Female,Laptop,1 Month
963,51,Female,Tablet,1 Month
964,45,Male,Smart TV,1 Month
965,46,Male,Laptop,1 Month
966,42,Female,Laptop,1 Month
967,42,Female,Smartphone,1 Month
968,50,Male,Tablet,1 Month
969,28,Male,Smart TV,1 Month
970,44,Female,Tablet,1 Month
971,36,Male,Tablet,1 Month
972,37,Female,Laptop,1 Month
973,36,Male,Smartphone,1 Month
974,31,Male,Smartphone,1 Month
975,36,Female,Smart TV,1 Month
976,39,Female,Laptop,1 Month
977,45,Female,Laptop,1 Month
978,29,Male,Smart TV,1 Month
979,45,Male,Smartphone,1 Month
980,29,Male,Smart TV,1 Month
981,28,Female,Smart TV,1 Month
982,42,Female,Smart TV,1 Month
983,36,Female,Smartphone,1 Month
984,39,Male,Smart TV,1 Month
985,36,Male,Smart TV,1 Month
986,49,Male,Laptop,1 Month
987,32,Female,Tablet,1 Month
988,40,Female,Smartphone,1 Month
989,34,Male,Smartphone,1 Month
990,35,Male,Smartphone,1 Month
991,44,Female,Smart TV,1 Month
992,47,Female,Smartphone,1 Month
993,33,Female,Laptop,1 Month
994,45,Male,Tablet,1 Month
995,42,Female,Tablet,1 Month
996,46,Male,Tablet,1 Month
997,51,Male,Tablet,1 Month
998,41,Female,Laptop,1 Month
999,50,Female,Tablet,1 Month
1000,49,Female,Smartphone,1 Month
1001,34,Female,Laptop,1 Month
1002,38,Female,Tablet,1 Month
1003,46,Male,Smart TV,1 Month
1004,42,Male,Smart TV,1 Month
1005,46,Male,Laptop,1 Month
1006,51,Female,Smart TV,1 Month
1007,35,Male,Smart TV,1 Month
1008,34,Female,Smartphone,1 Month
1009,31,Female,Laptop,1 Month
1010,36,Female,Tablet,1 Month
1011,28,Male,Smart TV,1 Month
1012,29,Female,Smartphone,1 Month
1013,42,Female,Smart TV,1 Month
1014,35,Female,Smartphone,1 Month
1015,32,Female,Laptop,1 Month
1016,43,Female,Tablet,1 Month
1017,29,Male,Smartphone,1 Month
1018,35,Female,Tablet,1 Month
1019,27,Female,Tablet,1 Month
1020,38,Male,Tablet,1 Month
1021,33,Male,Smart TV,1 Month
1022,48,Male,Laptop,1 Month
1023,51,Female,Laptop,1 Month
1024,40,Female,Smartphone,1 Month
1025,28,Male,Smartphone,1 Month
1026,46,Female,Laptop,1 Month
1027,28,Female,Tablet,1 Month
1028,47,Male,Tablet,1 Month
1029,47,Male,Smartphone,1 Month
1030,50,Male,Smartphone,1 Month
1031,50,Female,Smart TV,1 Month
1032,29,Male,Smartphone,1 Month
1033,38,Male,Tablet,1 Month
1034,40,Female,Tablet,1 Month
1035,43,Male,Smartphone,1 Month
1036,27,Female,Smartphone,1 Month
1037,37,Female,Tablet,1 Month
1038,30,Male,Smartphone,1 Month
1039,50,Male,Laptop,1 Month
1040,51,Male,Smartphone,1 Month
1041,37,Female,Laptop,1 Month
1042,35,Female,Tablet,1 Month
1043,35,Male,Tablet,1 Month
1044,46,Male,Tablet,1 Month
1045,27,Male,Tablet,1 Month
1046,27,Male,Laptop,1 Month
1047,39,Female,Laptop,1 Month
1048,51,Male,Tablet,1 Month
1049,41,Male,Smartphone,1 Month
1050,30,Female,Smart TV,1 Month
1051,46,Male,Laptop,1 Month
1052,31,Male,Tablet,1 Month
1053,49,Male,Smartphone,1 Month
1054,39,Female,Tablet,1 Month
1055,47,Male,Smartphone,1 Month
1056,36,Female,Tablet,1 Month
1057,42,Female,Tablet,1 Month
1058,28,Female,Smart TV,1 Month
1059,43,Male,Tablet,1 Month
1060,50,Female,Laptop,1 Month
1061,30,Female,Tablet,1 Month
1062,34,Female,Laptop,1 Month
1063,35,Female,Laptop,1 Month
1064,29,Male,Tablet,1 Month
1065,33,Male,Smart TV,1 Month
1066,47,Male,Laptop,1 Month
1067,32,Female,Tablet,1 Month
1068,34,Female,Tablet,1 Month
1069,46,Male,Smart TV,1 Month
1070,31,Male,Tablet,1 Month
1071,40,Female,Tablet,1 Month
1072,38,Female,Tablet,1 Month
1073,31,Male,Smart TV,1 Month
1074,46,Female,Smartphone,1 Month
1075,43,Male,Smart TV,1 Month
1076,38,Female,Laptop,1 Month
1077,38,Female,Laptop,1 Month
1078,27,Male,Laptop,1 Month
1079,49,Female,Tablet,1 Month
1080,33,Male,Smartphone,1 Month
1081,40,Female,Smartphone,1 Month
1082,27,Male,Tablet,1 Month
1083,28,Female,Laptop,1 Month
1084,30,Male,Smartphone,1 Month
1085,33,Female,Smartphone,1 Month
1086,51,Female,Tablet,1 Month
1087,51,Male,Tablet,1 Month
1088,50,Female,Smartphone,1 Month
1089,46,Female,Tablet,1 Month
1090,31,Male,Smart TV,1 Month
1091,46,Female,Smartphone,1 Month
1092,41,Male,Smart TV,1 Month
1093,36,Male,Smartphone,1 Month
1094,45,Female,Tablet,1 Month
1095,36,Male,Smartphone,1 Month
1096,28,Male,Smartphone,1 Month
1097,45,Female,Smartphone,1 Month
1098,39,Female,Smartphone,1 Month
1099,51,Female,Laptop,1 Month
1100,37,Male,Laptop,1 Month
1101,33,Female,Tablet,1 Month
1102,32,Female,Smartphone,1 Month
1103,49,Female,Tablet,1 Month
1104,37,Female,Smart TV,1 Month
1105,39,Male,Tablet,1 Month
1106,37,Male,Smart TV,1 Month
1107,36,Female,Smart TV,1 Month
1108,34,Male,Laptop,1 Month
1109,51,Female,Smartphone,1 Month
1110,41,Female,Tablet,1 Month
1111,51,Male,Smart TV,1 Month
1112,31,Female,Tablet,1 Month
1113,44,Male,Laptop,1 Month
1114,50,Male,Smart TV,1 Month
1115,33,Male,Laptop,1 Month
1116,44,Female,Laptop,1 Month
1117,42,Female,Tablet,1 Month
1118,35,Male,Smart TV,1 Month
1119,48,Male,Smartphone,1 Month
1120,51,Female,Smartphone,1 Month
1121,44,Female,Smart TV,1 Month
1122,37,Female,Smartphone,1 Month
1123,35,Female,Laptop,1 Month
1124,32,Male,Laptop,1 Month
1125,46,Female,Tablet,1 Month
1126,39,Female,Laptop,1 Month
1127,33,Female,Tablet,1 Month
1128,42,Male,Tablet,1 Month
1129,37,Female,Smartphone,1 Month
1130,27,Female,Smart TV,1 Month
1131,34,Female,Laptop,1 Month
1132,51,Male,Laptop,1 Month
1133,42,Male,Laptop,1 Month
1134,46,Female,Smart TV,1 Month
1135,36,Male,Laptop,1 Month
1136,46,Male,Smartphone,1 Month
1137,51,Male,Smart TV,1 Month
1138,45,Female,Smartphone,1 Month
1139,33,Male,Smartphone,1 Month
1140,31,Female,Smart TV,1 Month
1141,48,Female,Smart TV,1 Month
1142,47,Female,Laptop,1 Month
1143,43,Male,Smart TV,1 Month
1144,39,Male,Tablet,1 Month
1145,46,Male,Smart TV,1 Month
1146,46,Female,Smartphone,1 Month
1147,40,Female,Tablet,1 Month
1148,38,Male,Smartphone,1 Month
1149,48,Female,Tablet,1 Month
1150,38,Male,Tablet,1 Month
1151,43,Male,Laptop,1 Month
1152,29,Male,Smartphone,1 Month
1153,32,Female,Laptop,1 Month
1154,32,Female,Laptop,1 Month
1155,49,Female,Laptop,1 Month
1156,51,Female,Laptop,1 Month
1157,32,Male,Smart TV,1 Month
1158,35,Female,Smart TV,1 Month
1159,41,Male,Laptop,1 Month
1160,43,Female,Smart TV,1 Month
1161,41,Male,Smartphone,1 Month
1162,51,Male,Smart TV,1 Month
1163,47,Female,Smart TV,1 Month
1164,39,Male,Smart TV,1 Month
1165,51,Male,Smartphone,1 Month
1166,39,Female,Tablet,1 Month
1167,45,Male,Tablet,1 Month
1168,42,Male,Laptop,1 Month
1169,48,Male,Smartphone,1 Month
1170,33,Male,Smart TV,1 Month
1171,47,Female,Smartphone,1 Month
1172,51,Female,Smart TV,1 Month
1173,27,Male,Smartphone,1 Month
1174,44,Female,Laptop,1 Month
1175,41,Male,Laptop,1 Month
1176,37,Male,Smart TV,1 Month
1177,48,Male,Tablet,1 Month
1178,30,Male,Smart TV,1 Month
1179,44,Female,Smartphone,1 Month
1180,34,Female,Smart TV,1 Month
1181,40,Female,Laptop,1 Month
1182,28,Female,Smartphone,1 Month
1183,44,Female,Tablet,1 Month
1184,38,Female,Laptop,1 Month
1185,49,Male,Smart TV,1 Month
1186,32,Female,Smart TV,1 Month
1187,47,Female,Smart TV,1 Month
1188,44,Male,Tablet,1 Month
1189,33,Male,Smartphone,1 Month
1190,32,Male,Laptop,1 Month
1191,27,Female,Smartphone,1 Month
1192,37,Male,Laptop,1 Month
1193,34,Male,Tablet,1 Month
1194,40,Male,Smart TV,1 Month
1195,45,Female,Smart TV,1 Month
1196,29,Female,Tablet,1 Month
1197,35,Male,Smart TV,1 Month
1198,38,Female,Laptop,1 Month
1199,48,Female,Smart TV,1 Month
1200,36,Male,Smartphone,1 Month
1201,41,Male,Smart TV,1 Month
1202,27,Male,Smart TV,1 Month
1203,41,Male,Smart TV,1 Month
1204,42,Male,Laptop,1 Month
1205,40,Female,Laptop,1 Month
1206,32,Male,Smart TV,1 Month
1207,33,Male,Smart TV,1 Month
1208,34,Male,Smartphone,1 Month
1209,29,Male,Tablet,1 Month
1210,50,Male,Smart TV,1 Month
1211,29,Female,Laptop,1 Month
1212,40,Female,Tablet,1 Month
1213,27,Male,Smart TV,1 Month
1214,51,Female,Smartphone,1 Month
1215,41,Female,Laptop,1 Month
1216,28,Female,Tablet,1 Month
1217,42,Male,Laptop,1 Month
1218,40,Male,Laptop,1 Month
1219,48,Female,Smartphone,1 Month
1220,28,Male,Smart TV,1 Month
1221,40,Male,Smart TV,1 Month
1222,33,Female,Tablet,1 Month
1223,33,Male,Smartphone,1 Month
1224,47,Female,Smartphone,1 Month
1225,50,Female,Smart TV,1 Month
1226,38,Male,Smartphone,1 Month
1227,36,Female,Tablet,1 Month
1228,38,Female,Tablet,1 Month
1229,49,Male,Smartphone,1 Month
1230,40,Female,Smart TV,1 Month
1231,51,Male,Tablet,1 Month
1232,42,Female,Smartphone,1 Month
1233,41,Female,Smartphone,1 Month
1234,48,Female,Smartphone,1 Month
1235,39,Female,Tablet,1 Month
1236,35,Female,Tablet,1 Month
1237,32,Female,Tablet,1 Month
1238,28,Female,Smartphone,1 Month
1239,27,Male,Laptop,1 Month
1240,30,Female,Laptop,1 Month
1241,47,Female,Laptop,1 Month
1242,49,Female,Tablet,1 Month
1243,43,Female,Smartphone,1 Month
1244,42,Male,Tablet,1 Month
1245,29,Female,Smartphone,1 Month
1246,35,Female,Smartphone,1 Month
1247,41,Female,Smartphone,1 Month
1248,47,Female,Smart TV,1 Month
1249,28,Female,Smart TV,1 Month
1250,44,Female,Smartphone,1 Month
1251,28,Female,Tablet,1 Month
1252,51,Male,Laptop,1 Month
1253,48,Male,Laptop,1 Month
1254,49,Female,Tablet,1 Month
1255,50,Male,Smart TV,1 Month
1256,43,Male,Laptop,1 Month
1257,32,Male,Smart TV,1 Month
1258,42,Female,Tablet,1 Month
1259,41,Female,Laptop,1 Month
1260,31,Male,Laptop,1 Month
1261,37,Female,Smart TV,1 Month
1262,46,Male,Smart TV,1 Month
1263,30,Female,Tablet,1 Month
1264,30,Female,Smart TV,1 Month
1265,34,Female,Tablet,1 Month
1266,47,Female,Laptop,1 Month
1267,41,Male,Tablet,1 Month
1268,42,Female,Laptop,1 Month
1269,48,Female,Smartphone,1 Month
1270,30,Female,Smart TV,1 Month
1271,51,Male,Smartphone,1 Month
1272,27,Male,Smartphone,1 Month
1273,38,Male,Tablet,1 Month
1274,29,Female,Smart TV,1 Month
1275,40,Female,Smartphone,1 Month
1276,31,Female,Laptop,1 Month
1277,30,Male,Smartphone,1 Month
1278,44,Male,Laptop,1 Month
1279,34,Female,Tablet,1 Month
1280,28,Female,Laptop,1 Month
1281,41,Female,Laptop,1 Month
1282,43,Male,Tablet,1 Month
1283,33,Male,Laptop,1 Month
1284,32,Female,Tablet,1 Month
1285,39,Male,Smart TV,1 Month
1286,37,Male,Laptop,1 Month
1287,46,Male,Tablet,1 Month
1288,39,Male,Smartphone,1 Month
1289,46,Female,Tablet,1 Month
1290,43,Male,Laptop,1 Month
1291,32,Female,Laptop,1 Month
1292,30,Female,Smart TV,1 Month
1293,40,Female,Tablet,1 Month
1294,51,Female,Smartphone,1 Month
1295,40,Female,Smartphone,1 Month
1296,28,Male,Smart TV,1 Month
1297,51,Female,Smartphone,1 Month
1298,27,Male,Laptop,1 Month
1299,35,Male,Smart TV,1 Month
1300,37,Male,Laptop,1 Month
1301,51,Male,Smart TV,1 Month
1302,40,Male,Smart TV,1 Month
1303,38,Male,Laptop,1 Month
1304,48,Female,Laptop,1 Month
1305,49,Male,Smartphone,1 Month
1306,33,Female,Laptop,1 Month
1307,34,Female,Tablet,1 Month
1308,39,Male,Tablet,1 Month
1309,37,Female,Tablet,1 Month
1310,44,Male,Laptop,1 Month
1311,35,Male,Tablet,1 Month
1312,31,Female,Laptop,1 Month
1313,39,Male,Smart TV,1 Month
1314,38,Male,Tablet,1 Month
1315,42,Male,Smartphone,1 Month
1316,48,Female,Tablet,1 Month
1317,31,Male,Tablet,1 Month
1318,42,Male,Smartphone,1 Month
1319,35,Male,Smartphone,1 Month
1320,39,Male,Laptop,1 Month
1321,50,Female,Tablet,1 Month
1322,40,Male,Smartphone,1 Month
1323,29,Male,Smartphone,1 Month
1324,48,Female,Smart TV,1 Month
1325,34,Male,Smartphone,1 Month
1326,48,Male,Smartphone,1 Month
1327,48,Male,Laptop,1 Month
1328,35,Female,Tablet,1 Month
1329,29,Male,Laptop,1 Month
1330,47,Female,Smart TV,1 Month
1331,36,Male,Smartphone,1 Month
1332,40,Female,Smartphone,1 Month
1333,51,Male,Tablet,1 Month
1334,37,Male,Smart TV,1 Month
1335,36,Male,Tablet,1 Month
1336,45,Male,Tablet,1 Month
1337,31,Female,Tablet,1 Month
1338,45,Female,Laptop,1 Month
1339,30,Male,Laptop,1 Month
1340,40,Female,Smartphone,1 Month
1341,44,Female,Smart TV,1 Month
1342,36,Female,Laptop,1 Month
1343,36,Male,Tablet,1 Month
1344,32,Female,Smartphone,1 Month
1345,46,Male,Smart TV,1 Month
1346,39,Female,Smart TV,1 Month
1347,30,Male,Smart TV,1 Month
1348,34,Male,Laptop,1 Month
1349,28,Male,Laptop,1 Month
1350,39,Female,Smartphone,1 Month
1351,34,Female,Laptop,1 Month
1352,42,Male,Laptop,1 Month
1353,29,Female,Tablet,1 Month
1354,29,Male,Tablet,1 Month
1355,30,Male,Tablet,1 Month
1356,51,Male,Smartphone,1 Month
1357,51,Male,Smart TV,1 Month
1358,44,Male,Tablet,1 Month
1359,35,Male,Laptop,1 Month
1360,39,Male,Smart TV,1 Month
1361,41,Female,Laptop,1 Month
1362,44,Female,Laptop,1 Month
1363,29,Male,Laptop,1 Month
1364,47,Male,Tablet,1 Month
1365,28,Female,Smartphone,1 Month
1366,45,Male,Laptop,1 Month
1367,28,Female,Smartphone,1 Month
1368,31,Female,Laptop,1 Month
1369,47,Female,Laptop,1 Month
1370,42,Female,Tablet,1 Month
1371,34,Female,Laptop,1 Month
1372,40,Female,Laptop,1 Month
1373,42,Female,Laptop,1 Month
1374,33,Male,Smart TV,1 Month
1375,30,Male,Laptop,1 Month
1376,29,Male,Tablet,1 Month
1377,31,Male,Smart TV,1 Month
1378,46,Female,Smart TV,1 Month
1379,46,Female,Smartphone,1 Month
1380,47,Male,Laptop,1 Month
1381,48,Female,Smart TV,1 Month
1382,32,Female,Smart TV,1 Month
1383,51,Female,Tablet,1 Month
1384,33,Male,Smart TV,1 Month
1385,43,Male,Smartphone,1 Month
1386,43,Female,Smart TV,1 Month
1387,42,Male,Smart TV,1 Month
1388,30,Male,Smartphone,1 Month
1389,50,Male,Smartphone,1 Month
1390,51,Female,Laptop,1 Month
1391,36,Female,Tablet,1 Month
1392,41,Female,Tablet,1 Month
1393,37,Male,Smart TV,1 Month
1394,30,Female,Tablet,1 Month
1395,50,Female,Tablet,1 Month
1396,41,Female,Smart TV,1 Month
1397,29,Female,Laptop,1 Month
1398,43,Male,Smart TV,1 Month
1399,31,Female,Smart TV,1 Month
1400,40,Male,Laptop,1 Month
1401,35,Female,Smart TV,1 Month
1402,39,Female,Laptop,1 Month
1403,48,Male,Laptop,1 Month
1404,42,Female,Tablet,1 Month
1405,48,Female,Smart TV,1 Month
1406,33,Female,Smart TV,1 Month
1407,45,Female,Smart TV,1 Month
1408,40,Female,Smart TV,1 Month
1409,38,Male,Tablet,1 Month
1410,31,Female,Tablet,1 Month
1411,33,Female,Smart TV,1 Month
1412,27,Male,Laptop,1 Month
1413,47,Male,Smartphone,1 Month
1414,41,Male,Tablet,1 Month
1415,32,Female,Smart TV,1 Month
1416,31,Male,Smart TV,1 Month
1417,43,Female,Tablet,1 Month
1418,42,Female,Smart TV,1 Month
1419,46,Male,Smartphone,1 Month
1420,27,Female,Smartphone,1 Month
1421,48,Female,Smart TV,1 Month
1422,49,Male,Laptop,1 Month
1423,43,Male,Smart TV,1 Month
1424,38,Male,Laptop,1 Month
1425,37,Male,Smartphone,1 Month
1426,39,Female,Smart TV,1 Month
1427,40,Male,Tablet,1 Month
1428,40,Male,Smart TV,1 Month
1429,48,Male,Laptop,1 Month
1430,43,Female,Smart TV,1 Month
1431,46,Male,Laptop,1 Month
1432,43,Male,Smartphone,1 Month
1433,30,Female,Tablet,1 Month
1434,51,Female,Laptop,1 Month
1435,30,Male,Smartphone,1 Month
1436,47,Female,Smart TV,1 Month
1437,41,Male,Laptop,1 Month
1438,45,Female,Smartphone,1 Month
1439,47,Female,Laptop,1 Month
1440,48,Female,Smart TV,1 Month
1441,51,Female,Tablet,1 Month
1442,29,Male,Smart TV,1 Month
1443,43,Female,Laptop,1 Month
1444,49,Female,Tablet,1 Month
1445,37,Male,Smartphone,1 Month
1446,48,Male,Tablet,1 Month
1447,36,Female,Tablet,1 Month
1448,33,Female,Laptop,1 Month
1449,38,Female,Laptop,1 Month
1450,42,Female,Smartphone,1 Month
1451,30,Female,Tablet,1 Month
1452,39,Male,Smart TV,1 Month
1453,36,Male,Smartphone,1 Month
1454,27,Female,Smartphone,1 Month
1455,49,Male,Smart TV,1 Month
1456,31,Male,Laptop,1 Month
1457,36,Male,Laptop,1 Month
1458,41,Female,Tablet,1 Month
1459,45,Female,Laptop,1 Month
1460,45,Male,Smart TV,1 Month
1461,32,Male,Smart TV,1 Month
1462,41,Female,Smartphone,1 Month
1463,37,Male,Smart TV,1 Month
1464,27,Male,Laptop,1 Month
1465,41,Male,Laptop,1 Month
1466,30,Female,Smart TV,1 Month
1467,43,Male,Smartphone,1 Month
1468,51,Male,Laptop,1 Month
1469,46,Female,Smart TV,1 Month
1470,27,Female,Tablet,1 Month
1471,51,Female,Smartphone,1 Month
1472,28,Female,Laptop,1 Month
1473,33,Male,Smartphone,1 Month
1474,31,Female,Laptop,1 Month
1475,47,Male,Laptop,1 Month
1476,45,Female,Tablet,1 Month
1477,42,Male,Smart TV,1 Month
1478,47,Female,Smart TV,1 Month
1479,29,Female,Smart TV,1 Month
1480,49,Female,Laptop,1 Month
1481,41,Female,Laptop,1 Month
1482,45,Male,Smartphone,1 Month
1483,49,Male,Smart TV,1 Month
1484,41,Male,Smart TV,1 Month
1485,37,Male,Laptop,1 Month
1486,31,Male,Smartphone,1 Month
1487,29,Male,Smartphone,1 Month
1488,51,Female,Smart TV,1 Month
1489,33,Male,Smart TV,1 Month
1490,31,Male,Smartphone,1 Month
1491,42,Female,Laptop,1 Month
1492,48,Female,Laptop,1 Month
1493,37,Female,Laptop,1 Month
1494,51,Female,Smartphone,1 Month
1495,29,Female,Tablet,1 Month
1496,46,Male,Tablet,1 Month
1497,35,Male,Smart TV,1 Month
1498,44,Female,Smartphone,1 Month
1499,36,Male,Smart TV,1 Month
1500,38,Female,Tablet,1 Month
1501,36,Male,Smart TV,1 Month
1502,40,Female,Laptop,1 Month
1503,29,Male,Laptop,1 Month
1504,32,Male,Smart TV,1 Month
1505,30,Male,Laptop,1 Month
1506,47,Male,Smartphone,1 Month
1507,28,Female,Tablet,1 Month
1508,49,Male,Laptop,1 Month
1509,50,Male,Smartphone,1 Month
1510,33,Male,Smart TV,1 Month
1511,50,Male,Smart TV,1 Month
1512,28,Female,Smart TV,1 Month
1513,41,Male,Smartphone,1 Month
1514,30,Female,Smartphone,1 Month
1515,32,Male,Smart TV,1 Month
1516,50,Male,Laptop,1 Month
1517,28,Female,Smart TV,1 Month
1518,45,Male,Smart TV,1 Month
1519,31,Male,Tablet,1 Month
1520,27,Female,Smartphone,1 Month
1521,49,Male,Tablet,1 Month
1522,32,Female,Laptop,1 Month
1523,38,Male,Smart TV,1 Month
1524,39,Male,Smartphone,1 Month
1525,50,Female,Tablet,1 Month
1526,51,Male,Tablet,1 Month
1527,32,Female,Smart TV,1 Month
1528,45,Female,Smart TV,1 Month
1529,31,Female,Laptop,1 Month
1530,44,Male,Smartphone,1 Month
1531,30,Female,Tablet,1 Month
1532,44,Female,Tablet,1 Month
1533,37,Male,Tablet,1 Month
1534,30,Female,Tablet,1 Month
1535,31,Female,Smart TV,1 Month
1536,31,Female,Laptop,1 Month
1537,44,Male,Tablet,1 Month
1538,44,Female,Smart TV,1 Month
1539,34,Male,Laptop,1 Month
1540,42,Male,Laptop,1 Month
1541,33,Male,Smartphone,1 Month
1542,35,Male,Smart TV,1 Month
1543,34,Female,Laptop,1 Month
1544,47,Male,Tablet,1 Month
1545,43,Female,Laptop,1 Month
1546,43,Male,Smart TV,1 Month
1547,35,Female,Smartphone,1 Month
1548,39,Male,Tablet,1 Month
1549,39,Male,Tablet,1 Month
1550,49,Female,Smart TV,1 Month
1551,30,Male,Tablet,1 Month
1552,31,Female,Tablet,1 Month
1553,39,Male,Tablet,1 Month
1554,30,Female,Laptop,1 Month
1555,43,Female,Smartphone,1 Month
1556,29,Female,Smartphone,1 Month
1557,46,Male,Smart TV,1 Month
1558,35,Male,Smartphone,1 Month
1559,30,Male,Tablet,1 Month
1560,39,Female,Smart TV,1 Month
1561,41,Male,Laptop,1 Month
1562,27,Male,Smartphone,1 Month
1563,42,Male,Laptop,1 Month
1564,45,Female,Tablet,1 Month
1565,36,Female,Smart TV,1 Month
1566,35,Male,Laptop,1 Month
1567,38,Male,Smartphone,1 Month
1568,41,Female,Smart TV,1 Month
1569,43,Male,Tablet,1 Month
1570,44,Male,Tablet,1 Month
1571,35,Male,Tablet,1 Month
1572,39,Male,Laptop,1 Month
1573,43,Male,Smart TV,1 Month
1574,36,Male,Smart TV,1 Month
1575,49,Female,Laptop,1 Month
1576,29,Female,Smartphone,1 Month
1577,45,Male,Tablet,1 Month
1578,44,Female,Laptop,1 Month
1579,40,Female,Smart TV,1 Month
1580,51,Female,Smart TV,1 Month
1581,30,Female,Smart TV,1 Month
1582,50,Male,Smart TV,1 Month
1583,39,Male,Tablet,1 Month
1584,51,Male,Tablet,1 Month
1585,42,Male,Laptop,1 Month
1586,34,Female,Tablet,1 Month
1587,28,Male,Tablet,1 Month
1588,43,Male,Tablet,1 Month
1589,27,Female,Tablet,1 Month
1590,49,Female,Smart TV,1 Month
1591,35,Female,Laptop,1 Month
1592,34,Male,Tablet,1 Month
1593,28,Male,Smartphone,1 Month
1594,49,Female,Tablet,1 Month
1595,51,Female,Tablet,1 Month
1596,36,Male,Laptop,1 Month
1597,37,Male,Smart TV,1 Month
1598,48,Male,Laptop,1 Month
1599,45,Female,Smart TV,1 Month
1600,39,Male,Tablet,1 Month
1601,39,Male,Smartphone,1 Month
1602,46,Female,Smart TV,1 Month
1603,30,Female,Smartphone,1 Month
1604,32,Female,Smartphone,1 Month
1605,39,Male,Laptop,1 Month
1606,35,Female,Smartphone,1 Month
1607,41,Female,Smartphone,1 Month
1608,32,Female,Smart TV,1 Month
1609,41,Female,Smart TV,1 Month
1610,36,Female,Smart TV,1 Month
1611,49,Male,Laptop,1 Month
1612,30,Female,Smartphone,1 Month
1613,40,Female,Smartphone,1 Month
1614,46,Female,Tablet,1 Month
1615,30,Female,Smart TV,1 Month
1616,48,Male,Laptop,1 Month
1617,50,Male,Tablet,1 Month
1618,27,Male,Smart TV,1 Month
1619,51,Female,Laptop,1 Month
1620,38,Male,Smartphone,1 Month
1621,39,Male,Laptop,1 Month
1622,45,Female,Smart TV,1 Month
1623,29,Male,Laptop,1 Month
1624,35,Male,Smartphone,1 Month
1625,51,Female,Smart TV,1 Month
1626,51,Male,Smart TV,1 Month
1627,42,Female,Smartphone,1 Month
1628,48,Female,Laptop,1 Month
1629,40,Male,Smart TV,1 Month
1630,39,Male,Smart TV,1 Month
1631,44,Male,Laptop,1 Month
1632,27,Female,Laptop,1 Month
1633,35,Male,Tablet,1 Month
1634,45,Male,Smart TV,1 Month
1635,33,Male,Tablet,1 Month
1636,32,Female,Smart TV,1 Month
1637,51,Female,Laptop,1 Month
1638,40,Female,Tablet,1 Month
1639,47,Male,Laptop,1 Month
1640,42,Male,Smart TV,1 Month
1641,41,Male,Tablet,1 Month
1642,43,Male,Tablet,1 Month
1643,42,Female,Tablet,1 Month
1644,28,Male,Smartphone,1 Month
1645,40,Female,Laptop,1 Month
1646,46,Female,Tablet,1 Month
1647,39,Female,Laptop,1 Month
1648,41,Female,Smartphone,1 Month
1649,30,Male,Tablet,1 Month
1650,32,Male,Tablet,1 Month
1651,38,Male,Smart TV,1 Month
1652,38,Male,Tablet,1 Month
1653,32,Male,Smartphone,1 Month
1654,27,Male,Tablet,1 Month
1655,50,Female,Tablet,1 Month
1656,30,Male,Smartphone,1 Month
1657,49,Male,Smartphone,1 Month
1658,32,Female,Laptop,1 Month
1659,35,Male,Smartphone,1 Month
1660,44,Male,Tablet,1 Month
1661,49,Female,Laptop,1 Month
1662,39,Male,Smartphone,1 Month
1663,38,Female,Smartphone,1 Month
1664,38,Female,Laptop,1 Month
1665,37,Male,Smartphone,1 Month
1666,28,Male,Laptop,1 Month
1667,49,Male,Tablet,1 Month
1668,33,Female,Tablet,1 Month
1669,48,Male,Tablet,1 Month
1670,34,Male,Tablet,1 Month
1671,39,Female,Smartphone,1 Month
1672,30,Male,Tablet,1 Month
1673,37,Male,Tablet,1 Month
1674,38,Male,Smart TV,1 Month
1675,42,Female,Laptop,1 Month
1676,35,Female,Laptop,1 Month
1677,30,Male,Tablet,1 Month
1678,48,Female,Smart TV,1 Month
1679,48,Male,Tablet,1 Month
1680,32,Male,Laptop,1 Month
1681,27,Male,Smart TV,1 Month
1682,48,Female,Laptop,1 Month
1683,33,Male,Laptop,1 Month
1684,28,Male,Smartphone,1 Month
1685,46,Male,Laptop,1 Month
1686,40,Male,Laptop,1 Month
1687,49,Male,Smartphone,1 Month
1688,41,Female,Tablet,1 Month
1689,38,Male,Tablet,1 Month
1690,42,Female,Laptop,1 Month
1691,27,Female,Smart TV,1 Month
1692,41,Female,Tablet,1 Month
1693,41,Female,Tablet,1 Month
1694,49,Male,Laptop,1 Month
1695,28,Female,Smartphone,1 Month
1696,44,Male,Laptop,1 Month
1697,47,Female,Tablet,1 Month
1698,29,Male,Tablet,1 Month
1699,31,Female,Laptop,1 Month
1700,28,Female,Smart TV,1 Month
1701,32,Male,Smart TV,1 Month
1702,43,Male,Smartphone,1 Month
1703,48,Male,Smart TV,1 Month
1704,28,Male,Laptop,1 Month
1705,31,Female,Tablet,1 Month
1706,47,Male,Laptop,1 Month
1707,39,Female,Smartphone,1 Month
1708,35,Male,Smartphone,1 Month
1709,42,Female,Smartphone,1 Month
1710,30,Male,Smart TV,1 Month
1711,34,Male,Smartphone,1 Month
1712,35,Male,Smartphone,1 Month
1713,31,Female,Tablet,1 Month
1714,36,Female,Tablet,1 Month
1715,31,Female,Laptop,1 Month
1716,32,Male,Smart TV,1 Month
1717,46,Female,Smartphone,1 Month
1718,30,Male,Tablet,1 Month
1719,46,Male,Laptop,1 Month
1720,44,Female,Tablet,1 Month
1721,34,Male,Tablet,1 Month
1722,31,Male,Tablet,1 Month
1723,34,Male,Smart TV,1 Month
1724,28,Male,Laptop,1 Month
1725,36,Female,Smartphone,1 Month
1726,48,Female,Laptop,1 Month
1727,40,Male,Smartphone,1 Month
1728,35,Male,Smartphone,1 Month
1729,41,Male,Laptop,1 Month
1730,28,Female,Smartphone,1 Month
1731,37,Male,Tablet,1 Month
1732,33,Male,Smartphone,1 Month
1733,27,Female,Tablet,1 Month
1734,35,Male,Tablet,1 Month
1735,27,Male,Smartphone,1 Month
1736,29,Female,Smartphone,1 Month
1737,28,Female,Laptop,1 Month
1738,33,Female,Smartphone,1 Month
1739,35,Female,Smartphone,1 Month
1740,37,Female,Laptop,1 Month
1741,31,Male,Smartphone,1 Month
1742,27,Male,Laptop,1 Month
1743,48,Male,Tablet,1 Month
1744,30,Female,Smart TV,1 Month
1745,45,Male,Tablet,1 Month
1746,28,Male,Smart TV,1 Month
1747,30,Female,Laptop,1 Month
1748,48,Male,Smartphone,1 Month
1749,37,Female,Laptop,1 Month
1750,28,Female,Smartphone,1 Month
1751,43,Female,Tablet,1 Month
1752,36,Male,Laptop,1 Month
1753,47,Male,Laptop,1 Month
1754,42,Male,Smart TV,1 Month
1755,50,Male,Laptop,1 Month
1756,41,Male,Tablet,1 Month
1757,43,Male,Laptop,1 Month
1758,35,Male,Laptop,1 Month
1759,51,Male,Smart TV,1 Month
1760,35,Male,Tablet,1 Month
1761,37,Male,Smart TV,1 Month
1762,28,Female,Smartphone,1 Month
1763,32,Female,Smartphone,1 Month
1764,37,Female,Tablet,1 Month
1765,37,Female,Tablet,1 Month
1766,34,Female,Smart TV,1 Month
1767,30,Female,Tablet,1 Month
1768,35,Male,Tablet,1 Month
1769,41,Female,Laptop,1 Month
1770,50,Female,Tablet,1 Month
1771,48,Female,Laptop,1 Month
1772,29,Male,Smart TV,1 Month
1773,37,Male,Tablet,1 Month
1774,36,Female,Tablet,1 Month
1775,45,Male,Tablet,1 Month
1776,27,Female,Smart TV,1 Month
1777,31,Female,Tablet,1 Month
1778,42,Female,Tablet,1 Month
1779,43,Female,Smartphone,1 Month
1780,43,Male,Smart TV,1 Month
1781,35,Female,Laptop,1 Month
1782,51,Male,Laptop,1 Month
1783,42,Female,Smartphone,1 Month
1784,36,Male,Tablet,1 Month
1785,50,Female,Tablet,1 Month
1786,43,Female,Laptop,1 Month
1787,28,Male,Laptop,1 Month
1788,48,Female,Smart TV,1 Month
1789,47,Female,Tablet,1 Month
1790,31,Male,Smart TV,1 Month
1791,45,Male,Laptop,1 Month
1792,45,Female,Tablet,1 Month
1793,42,Female,Smart TV,1 Month
1794,36,Female,Tablet,1 Month
1795,32,Male,Smart TV,1 Month
1796,50,Male,Tablet,1 Month
1797,39,Male,Smart TV,1 Month
1798,51,Male,Smartphone,1 Month
1799,49,Female,Tablet,1 Month
1800,42,Male,Tablet,1 Month
1801,46,Male,Tablet,1 Month
1802,30,Male,Smartphone,1 Month
1803,48,Male,Smart TV,1 Month
1804,40,Female,Laptop,1 Month
1805,50,Female,Smart TV,1 Month
1806,49,Female,Laptop,1 Month
1807,37,Male,Smartphone,1 Month
1808,43,Male,Laptop,1 Month
1809,40,Female,Tablet,1 Month
1810,27,Male,Laptop,1 Month
1811,47,Male,Smart TV,1 Month
1812,50,Male,Smartphone,1 Month
1813,31,Female,Smartphone,1 Month
1814,33,Male,Smartphone,1 Month
1815,42,Female,Tablet,1 Month
1816,51,Female,Laptop,1 Month
1817,43,Female,Smartphone,1 Month
1818,45,Female,Smart TV,1 Month
1819,48,Female,Tablet,1 Month
1820,48,Female,Smart TV,1 Month
1821,30,Male,Smartphone,1 Month
1822,29,Female,Tablet,1 Month
1823,28,Male,Tablet,1 Month
1824,46,Female,Laptop,1 Month
1825,45,Male,Smart TV,1 Month
1826,30,Male,Tablet,1 Month
1827,44,Female,Laptop,1 Month
1828,46,Male,Laptop,1 Month
1829,36,Female,Tablet,1 Month
1830,27,Female,Smartphone,1 Month
1831,43,Male,Laptop,1 Month
1832,48,Female,Smartphone,1 Month
1833,36,Female,Smartphone,1 Month
1834,44,Male,Smart TV,1 Month
1835,41,Female,Tablet,1 Month
1836,29,Female,Smart TV,1 Month
1837,28,Female,Smartphone,1 Month
1838,36,Female,Smartphone,1 Month
1839,36,Female,Smart TV,1 Month
1840,40,Male,Laptop,1 Month
1841,35,Female,Tablet,1 Month
1842,34,Female,Smartphone,1 Month
1843,46,Male,Laptop,1 Month
1844,47,Female,Smart TV,1 Month
1845,32,Female,Smartphone,1 Month
1846,45,Male,Smartphone,1 Month
1847,31,Female,Smartphone,1 Month
1848,49,Male,Laptop,1 Month
1849,33,Female,Smartphone,1 Month
1850,30,Male,Smartphone,1 Month
1851,48,Female,Laptop,1 Month
1852,49,Female,Tablet,1 Month
1853,43,Male,Laptop,1 Month
1854,46,Female,Laptop,1 Month
1855,33,Male,Smartphone,1 Month
1856,31,Female,Smartphone,1 Month
1857,44,Female,Smart TV,1 Month
1858,34,Male,Smart TV,1 Month
1859,41,Male,Laptop,1 Month
1860,42,Male,Laptop,1 Month
1861,38,Female,Laptop,1 Month
1862,31,Female,Tablet,1 Month
1863,35,Female,Smartphone,1 Month
1864,32,Male,Smartphone,1 Month
1865,39,Male,Smartphone,1 Month
1866,42,Male,Laptop,1 Month
1867,31,Male,Tablet,1 Month
1868,38,Male,Tablet,1 Month
1869,48,Male,Smart TV,1 Month
1870,29,Male,Tablet,1 Month
1871,43,Female,Smart TV,1 Month
1872,49,Female,Smartphone,1 Month
1873,50,Male,Smartphone,1 Month
1874,50,Male,Smartphone,1 Month
1875,51,Male,Smart TV,1 Month
1876,29,Male,Tablet,1 Month
1877,50,Female,Smartphone,1 Month
1878,39,Female,Tablet,1 Month
1879,27,Female,Smart TV,1 Month
1880,29,Male,Smart TV,1 Month
1881,28,Male,Tablet,1 Month
1882,46,Male,Smartphone,1 Month
1883,50,Female,Tablet,1 Month
1884,33,Female,Tablet,1 Month
1885,32,Female,Tablet,1 Month
1886,38,Male,Smart TV,1 Month
1887,49,Male,Smart TV,1 Month
1888,50,Male,Laptop,1 Month
1889,37,Female,Laptop,1 Month
1890,33,Female,Laptop,1 Month
1891,33,Female,Tablet,1 Month
1892,46,Male,Smartphone,1 Month
1893,28,Male,Smartphone,1 Month
1894,33,Male,Tablet,1 Month
1895,45,Male,Laptop,1 Month
1896,43,Male,Laptop,1 Month
1897,49,Female,Smartphone,1 Month
1898,41,Female,Tablet,1 Month
1899,39,Female,Smartphone,1 Month
1900,45,Female,Smartphone,1 Month
1901,38,Male,Tablet,1 Month
1902,30,Male,Smart TV,1 Month
1903,27,Female,Smart TV,1 Month
1904,36,Female,Smartphone,1 Month
1905,36,Female,Tablet,1 Month
1906,28,Male,Tablet,1 Month
1907,45,Female,Smartphone,1 Month
1908,41,Male,Smartphone,1 Month
1909,29,Male,Smart TV,1 Month
1910,35,Male,Smartphone,1 Month
1911,36,Female,Smart TV,1 Month
1912,41,Male,Laptop,1 Month
1913,46,Male,Tablet,1 Month
1914,46,Female,Tablet,1 Month
1915,42,Male,Smartphone,1 Month
1916,40,Male,Tablet,1 Month
1917,32,Female,Tablet,1 Month
1918,34,Female,Smartphone,1 Month
1919,27,Female,Smart TV,1 Month
1920,38,Male,Laptop,1 Month
1921,34,Female,Laptop,1 Month
1922,28,Male,Tablet,1 Month
1923,48,Male,Smartphone,1 Month
1924,42,Female,Laptop,1 Month
1925,37,Female,Smart TV,1 Month
1926,28,Female,Tablet,1 Month
1927,43,Female,Smart TV,1 Month
1928,44,Female,Smart TV,1 Month
1929,33,Female,Smartphone,1 Month
1930,36,Male,Smart TV,1 Month
1931,27,Male,Tablet,1 Month
1932,41,Male,Tablet,1 Month
1933,32,Male,Smart TV,1 Month
1934,36,Female,Laptop,1 Month
1935,36,Female,Tablet,1 Month
1936,36,Male,Laptop,1 Month
1937,32,Male,Smart TV,1 Month
1938,45,Female,Smartphone,1 Month
1939,43,Female,Tablet,1 Month
1940,35,Male,Tablet,1 Month
1941,29,Female,Smart TV,1 Month
1942,33,Female,Smart TV,1 Month
1943,49,Male,Smart TV,1 Month
1944,27,Male,Tablet,1 Month
1945,39,Female,Smart TV,1 Month
1946,34,Female,Smart TV,1 Month
1947,39,Male,Smartphone,1 Month
1948,39,Female,Laptop,1 Month
1949,39,Female,Smart TV,1 Month
1950,40,Female,Laptop,1 Month
1951,40,Male,Tablet,1 Month
1952,31,Male,Smartphone,1 Month
1953,47,Male,Smartphone,1 Month
1954,43,Male,Laptop,1 Month
1955,34,Male,Smartphone,1 Month
1956,30,Female,Tablet,1 Month
1957,33,Female,Smartphone,1 Month
1958,29,Male,Tablet,1 Month
1959,35,Female,Smartphone,1 Month
1960,41,Female,Laptop,1 Month
1961,34,Female,Smartphone,1 Month
1962,28,Female,Tablet,1 Month
1963,31,Male,Smart TV,1 Month
1964,29,Male,Smart TV,1 Month
1965,44,Female,Tablet,1 Month
1966,44,Female,Tablet,1 Month
1967,29,Male,Laptop,1 Month
1968,32,Female,Tablet,1 Month
1969,31,Male,Smartphone,1 Month
1970,27,Male,Laptop,1 Month
1971,43,Female,Laptop,1 Month
1972,48,Male,Tablet,1 Month
1973,37,Female,Tablet,1 Month
1974,42,Male,Smartphone,1 Month
1975,40,Male,Tablet,1 Month
1976,37,Female,Tablet,1 Month
1977,31,Male,Smartphone,1 Month
1978,30,Male,Smart TV,1 Month
1979,51,Female,Smartphone,1 Month
1980,42,Female,Laptop,1 Month
1981,37,Female,Smartphone,1 Month
1982,44,Female,Smartphone,1 Month
1983,37,Male,Tablet,1 Month
1984,44,Male,Smartphone,1 Month
1985,40,Male,Tablet,1 Month
1986,27,Male,Smart TV,1 Month
1987,31,Male,Smart TV,1 Month
1988,39,Female,Smartphone,1 Month
1989,47,Female,Tablet,1 Month
1990,30,Male,Smart TV,1 Month
1991,35,Male,Laptop,1 Month
1992,39,Male,Smartphone,1 Month
1993,29,Female,Tablet,1 Month
1994,28,Male,Laptop,1 Month
1995,39,Male,Tablet,1 Month
1996,34,Male,Smart TV,1 Month
1997,47,Male,Smart TV,1 Month
1998,47,Female,Smart TV,1 Month
1999,46,Male,Smart TV,1 Month
2000,31,Male,Smart TV,1 Month
2001,41,Female,Smart TV,1 Month
2002,30,Female,Smartphone,1 Month
2003,41,Male,Tablet,1 Month
2004,48,Female,Laptop,1 Month
2005,35,Female,Laptop,1 Month
2006,41,Female,Laptop,1 Month
2007,39,Female,Smart TV,1 Month
2008,45,Male,Laptop,1 Month
2009,41,Male,Laptop,1 Month
2010,28,Male,Laptop,1 Month
2011,28,Female,Tablet,1 Month
2012,48,Male,Smart TV,1 Month
2013,40,Female,Smart TV,1 Month
2014,39,Male,Smart TV,1 Month
2015,27,Male,Smartphone,1 Month
2016,32,Female,Smart TV,1 Month
2017,38,Male,Laptop,1 Month
2018,41,Female,Laptop,1 Month
2019,32,Female,Laptop,1 Month
2020,37,Male,Tablet,1 Month
2021,50,Female,Laptop,1 Month
2022,48,Female,Laptop,1 Month
2023,37,Male,Tablet,1 Month
2024,46,Female,Laptop,1 Month
2025,46,Male,Laptop,1 Month
2026,39,Male,Smart TV,1 Month
2027,42,Female,Smart TV,1 Month
2028,41,Female,Smartphone,1 Month
2029,28,Male,Smart TV,1 Month
2030,43,Male,Tablet,1 Month
2031,45,Female,Smart TV,1 Month
2032,45,Male,Smart TV,1 Month
2033,48,Male,Smartphone,1 Month
2034,30,Male,Laptop,1 Month
2035,51,Female,Smart TV,1 Month
2036,48,Female,Smartphone,1 Month
2037,41,Female,Smart TV,1 Month
2038,37,Female,Smartphone,1 Month
2039,43,Male,Laptop,1 Month
2040,51,Male,Laptop,1 Month
2041,34,Female,Smartphone,1 Month
2042,35,Female,Smartphone,1 Month
2043,45,Female,Smart TV,1 Month
2044,31,Male,Smart TV,1 Month
2045,50,Female,Laptop,1 Month
2046,41,Male,Smartphone,1 Month
2047,42,Female,Laptop,1 Month
2048,41,Male,Tablet,1 Month
2049,34,Male,Tablet,1 Month
2050,35,Female,Smartphone,1 Month
2051,48,Male,Smartphone,1 Month
2052,39,Female,Smart TV,1 Month
2053,37,Female,Laptop,1 Month
2054,31,Male,Tablet,1 Month
2055,29,Female,Laptop,1 Month
2056,36,Male,Tablet,1 Month
2057,32,Male,Smartphone,1 Month
2058,31,Female,Smartphone,1 Month
2059,31,Male,Laptop,1 Month
2060,29,Male,Smart TV,1 Month
2061,48,Male,Smart TV,1 Month
2062,46,Male,Tablet,1 Month
2063,35,Female,Smartphone,1 Month
2064,37,Female,Tablet,1 Month
2065,45,Female,Tablet,1 Month
2066,48,Female,Laptop,1 Month
2067,44,Female,Laptop,1 Month
2068,47,Female,Laptop,1 Month
2069,35,Male,Smart TV,1 Month
2070,35,Female,Smartphone,1 Month
2071,35,Male,Smartphone,1 Month
2072,49,Female,Laptop,1 Month
2073,50,Female,Tablet,1 Month
2074,44,Male,Smartphone,1 Month
2075,47,Female,Tablet,1 Month
2076,46,Female,Laptop,1 Month
2077,39,Female,Laptop,1 Month
2078,34,Male,Laptop,1 Month
2079,31,Female,Smart TV,1 Month
2080,46,Female,Laptop,1 Month
2081,30,Male,Smart TV,1 Month
2082,29,Male,Tablet,1 Month
2083,42,Male,Tablet,1 Month
2084,27,Female,Smartphone,1 Month
2085,33,Male,Laptop,1 Month
2086,45,Female,Smart TV,1 Month
2087,50,Male,Tablet,1 Month
2088,42,Female,Tablet,1 Month
2089,29,Male,Tablet,1 Month
2090,31,Female,Tablet,1 Month
2091,42,Female,Smartphone,1 Month
2092,44,Female,Laptop,1 Month
2093,34,Male,Smart TV,1 Month
2094,40,Female,Smart TV,1 Month
2095,38,Male,Smart TV,1 Month
2096,42,Female,Tablet,1 Month
2097,47,Male,Tablet,1 Month
2098,29,Female,Tablet,1 Month
2099,29,Male,Laptop,1 Month
2100,44,Female,Smart TV,1 Month
2101,31,Male,Tablet,1 Month
2102,48,Female,Smartphone,1 Month
2103,32,Female,Laptop,1 Month
2104,28,Female,Tablet,1 Month
2105,36,Female,Smartphone,1 Month
2106,28,Female,Smartphone,1 Month
2107,32,Female,Smart TV,1 Month
2108,50,Female,Smartphone,1 Month
2109,44,Male,Tablet,1 Month
2110,44,Female,Smartphone,1 Month
2111,47,Male,Laptop,1 Month
2112,39,Female,Smart TV,1 Month
2113,44,Female,Tablet,1 Month
2114,46,Female,Tablet,1 Month
2115,31,Female,Laptop,1 Month
2116,33,Female,Tablet,1 Month
2117,27,Male,Laptop,1 Month
2118,34,Male,Smart TV,1 Month
2119,48,Male,Laptop,1 Month
2120,39,Female,Smart TV,1 Month
2121,39,Male,Laptop,1 Month
2122,48,Female,Smart TV,1 Month
2123,37,Female,Tablet,1 Month
2124,40,Male,Laptop,1 Month
2125,41,Female,Smartphone,1 Month
2126,35,Female,Smartphone,1 Month
2127,46,Male,Smartphone,1 Month
2128,28,Female,Tablet,1 Month
2129,29,Female,Laptop,1 Month
2130,46,Female,Tablet,1 Month
2131,35,Male,Laptop,1 Month
2132,27,Male,Smart TV,1 Month
2133,38,Male,Laptop,1 Month
2134,43,Male,Smart TV,1 Month
2135,31,Female,Smartphone,1 Month
2136,29,Female,Tablet,1 Month
2137,34,Female,Tablet,1 Month
2138,39,Male,Smartphone,1 Month
2139,34,Female,Smartphone,1 Month
2140,51,Male,Tablet,1 Month
2141,47,Female,Tablet,1 Month
2142,46,Male,Smartphone,1 Month
2143,46,Female,Smartphone,1 Month
2144,47,Female,Smartphone,1 Month
2145,40,Female,Smart TV,1 Month
2146,41,Female,Tablet,1 Month
2147,30,Female,Smartphone,1 Month
2148,31,Female,Tablet,1 Month
2149,42,Male,Smart TV,1 Month
2150,46,Female,Tablet,1 Month
2151,34,Female,Smart TV,1 Month
2152,42,Male,Laptop,1 Month
2153,45,Male,Tablet,1 Month
2154,30,Male,Smart TV,1 Month
2155,44,Male,Smartphone,1 Month
2156,37,Male,Smart TV,1 Month
2157,43,Male,Smart TV,1 Month
2158,46,Male,Smartphone,1 Month
2159,40,Female,Tablet,1 Month
2160,45,Female,Smartphone,1 Month
2161,48,Female,Smartphone,1 Month
2162,43,Female,Tablet,1 Month
2163,48,Male,Smart TV,1 Month
2164,32,Female,Smartphone,1 Month
2165,38,Male,Laptop,1 Month
2166,50,Male,Smartphone,1 Month
2167,33,Female,Laptop,1 Month
2168,27,Male,Smart TV,1 Month
2169,47,Male,Tablet,1 Month
2170,35,Female,Smart TV,1 Month
2171,41,Male,Tablet,1 Month
2172,39,Female,Smart TV,1 Month
2173,46,Female,Smartphone,1 Month
2174,33,Female,Smartphone,1 Month
2175,30,Male,Laptop,1 Month
2176,46,Male,Tablet,1 Month
2177,42,Female,Tablet,1 Month
2178,28,Female,Tablet,1 Month
2179,40,Male,Smart TV,1 Month
2180,31,Female,Smart TV,1 Month
2181,27,Male,Laptop,1 Month
2182,45,Female,Tablet,1 Month
2183,49,Female,Smart TV,1 Month
2184,28,Male,Tablet,1 Month
2185,33,Male,Smart TV,1 Month
2186,38,Male,Smart TV,1 Month
2187,44,Male,Tablet,1 Month
2188,34,Female,Laptop,1 Month
2189,35,Male,Laptop,1 Month
2190,47,Male,Tablet,1 Month
2191,30,Male,Smartphone,1 Month
2192,50,Female,Smart TV,1 Month
2193,32,Male,Laptop,1 Month
2194,36,Female,Smart TV,1 Month
2195,40,Female,Smart TV,1 Month
2196,39,Male,Smartphone,1 Month
2197,28,Male,Smartphone,1 Month
2198,29,Female,Smart TV,1 Month
2199,49,Male,Tablet,1 Month
2200,40,Male,Laptop,1 Month
2201,29,Male,Laptop,1 Month
2202,35,Female,Tablet,1 Month
2203,44,Male,Smartphone,1 Month
2204,39,Male,Smart TV,1 Month
2205,27,Male,Smart TV,1 Month
2206,31,Male,Smart TV,1 Month
2207,39,Female,Laptop,1 Month
2208,44,Male,Laptop,1 Month
2209,48,Female,Tablet,1 Month
2210,27,Male,Smartphone,1 Month
2211,27,Male,Laptop,1 Month
2212,41,Male,Smart TV,1 Month
2213,44,Female,Tablet,1 Month
2214,29,Female,Tablet,1 Month
2215,42,Female,Smartphone,1 Month
2216,45,Female,Smart TV,1 Month
2217,39,Female,Tablet,1 Month
2218,41,Female,Tablet,1 Month
2219,41,Female,Laptop,1 Month
2220,41,Male,Smartphone,1 Month
2221,47,Female,Smart TV,1 Month
2222,49,Female,Smartphone,1 Month
2223,29,Male,Laptop,1 Month
2224,33,Male,Tablet,1 Month
2225,45,Female,Smart TV,1 Month
2226,41,Female,Laptop,1 Month
2227,31,Male,Laptop,1 Month
2228,51,Male,Tablet,1 Month
2229,43,Female,Smartphone,1 Month
2230,33,Female,Laptop,1 Month
2231,47,Female,Smartphone,1 Month
2232,40,Female,Laptop,1 Month
2233,34,Female,Smartphone,1 Month
2234,40,Male,Tablet,1 Month
2235,38,Male,Laptop,1 Month
2236,47,Male,Smart TV,1 Month
2237,29,Male,Smart TV,1 Month
2238,49,Female,Smartphone,1 Month
2239,40,Male,Smart TV,1 Month
2240,51,Female,Laptop,1 Month
2241,51,Female,Tablet,1 Month
2242,50,Female,Smart TV,1 Month
2243,47,Female,Laptop,1 Month
2244,40,Male,Smart TV,1 Month
2245,35,Female,Smart TV,1 Month
2246,37,Female,Smart TV,1 Month
2247,30,Male,Tablet,1 Month
2248,47,Female,Tablet,1 Month
2249,35,Male,Smartphone,1 Month
2250,33,Male,Tablet,1 Month
2251,51,Female,Laptop,1 Month
2252,31,Female,Tablet,1 Month
2253,48,Female,Laptop,1 Month
2254,40,Male,Laptop,1 Month
2255,41,Female,Laptop,1 Month
2256,41,Male,Laptop,1 Month
2257,28,Female,Laptop,1 Month
2258,45,Female,Laptop,1 Month
2259,32,Female,Laptop,1 Month
2260,31,Male,Tablet,1 Month
2261,40,Female,Tablet,1 Month
2262,40,Female,Smartphone,1 Month
2263,50,Male,Tablet,1 Month
2264,41,Male,Smartphone,1 Month
2265,43,Male,Tablet,1 Month
2266,43,Male,Tablet,1 Month
2267,36,Female,Smartphone,1 Month
2268,48,Male,Smart TV,1 Month
2269,33,Female,Smartphone,1 Month
2270,30,Female,Smart TV,1 Month
2271,37,Female,Laptop,1 Month
2272,49,Male,Smart TV,1 Month
2273,47,Female,Smartphone,1 Month
2274,45,Female,Tablet,1 Month
2275,50,Male,Smart TV,1 Month
2276,36,Male,Smartphone,1 Month
2277,37,Male,Smart TV,1 Month
2278,38,Female,Tablet,1 Month
2279,40,Male,Smart TV,1 Month
2280,38,Female,Smart TV,1 Month
2281,46,Female,Tablet,1 Month
2282,40,Female,Smartphone,1 Month
2283,34,Male,Smart TV,1 Month
2284,39,Female,Smartphone,1 Month
2285,47,Male,Smartphone,1 Month
2286,41,Male,Laptop,1 Month
2287,47,Female,Tablet,1 Month
2288,50,Male,Smartphone,1 Month
2289,31,Male,Tablet,1 Month
2290,41,Male,Smartphone,1 Month
2291,31,Female,Laptop,1 Month
2292,41,Female,Smart TV,1 Month
2293,28,Male,Tablet,1 Month
2294,40,Female,Smartphone,1 Month
2295,34,Female,Smart TV,1 Month
2296,37,Male,Smartphone,1 Month
2297,30,Female,Laptop,1 Month
2298,32,Male,Tablet,1 Month
2299,41,Male,Smartphone,1 Month
2300,42,Female,Tablet,1 Month
2301,40,Male,Laptop,1 Month
2302,30,Female,Smartphone,1 Month
2303,43,Male,Laptop,1 Month
2304,31,Female,Tablet,1 Month
2305,45,Male,Smartphone,1 Month
2306,33,Male,Smart TV,1 Month
2307,41,Male,Smartphone,1 Month
2308,37,Male,Smart TV,1 Month
2309,40,Female,Smartphone,1 Month
2310,36,Male,Tablet,1 Month
2311,28,Male,Smart TV,1 Month
2312,38,Male,Smartphone,1 Month
2313,36,Female,Tablet,1 Month
2314,47,Female,Smart TV,1 Month
2315,35,Female,Laptop,1 Month
2316,29,Female,Tablet,1 Month
2317,49,Female,Smart TV,1 Month
2318,34,Male,Smart TV,1 Month
2319,37,Male,Smart TV,1 Month
2320,50,Male,Smart TV,1 Month
2321,38,Male,Smart TV,1 Month
2322,37,Female,Smart TV,1 Month
2323,34,Male,Laptop,1 Month
2324,30,Male,Smart TV,1 Month
2325,35,Male,Laptop,1 Month
2326,39,Male,Tablet,1 Month
2327,47,Female,Tablet,1 Month
2328,40,Female,Laptop,1 Month
2329,33,Male,Smart TV,1 Month
2330,32,Female,Smartphone,1 Month
2331,32,Male,Smart TV,1 Month
2332,30,Female,Smart TV,1 Month
2333,49,Male,Tablet,1 Month
2334,39,Female,Smartphone,1 Month
2335,45,Male,Laptop,1 Month
2336,43,Male,Smartphone,1 Month
2337,41,Male,Smartphone,1 Month
2338,38,Female,Tablet,1 Month
2339,34,Female,Smartphone,1 Month
2340,38,Male,Laptop,1 Month
2341,48,Male,Tablet,1 Month
2342,38,Female,Smart TV,1 Month
2343,34,Female,Laptop,1 Month
2344,44,Female,Tablet,1 Month
2345,39,Male,Smartphone,1 Month
2346,43,Female,Smartphone,1 Month
2347,49,Female,Smart TV,1 Month
2348,48,Female,Smart TV,1 Month
2349,47,Female,Tablet,1 Month
2350,27,Female,Laptop,1 Month
2351,40,Female,Smartphone,1 Month
2352,43,Female,Smart TV,1 Month
2353,30,Female,Laptop,1 Month
2354,43,Female,Smart TV,1 Month
2355,49,Male,Laptop,1 Month
2356,47,Male,Smartphone,1 Month
2357,33,Male,Smartphone,1 Month
2358,48,Female,Smartphone,1 Month
2359,31,Male,Laptop,1 Month
2360,30,Male,Tablet,1 Month
2361,34,Female,Smartphone,1 Month
2362,37,Male,Smartphone,1 Month
2363,44,Female,Smart TV,1 Month
2364,28,Female,Smart TV,1 Month
2365,47,Male,Smartphone,1 Month
2366,43,Male,Smart TV,1 Month
2367,51,Male,Tablet,1 Month
2368,50,Male,Laptop,1 Month
2369,40,Female,Smartphone,1 Month
2370,31,Female,Laptop,1 Month
2371,29,Female,Smartphone,1 Month
2372,38,Female,Tablet,1 Month
2373,47,Male,Tablet,1 Month
2374,30,Male,Tablet,1 Month
2375,42,Male,Laptop,1 Month
2376,49,Male,Smart TV,1 Month
2377,50,Female,Tablet,1 Month
2378,51,Male,Smart TV,1 Month
2379,47,Male,Smartphone,1 Month
2380,36,Female,Smartphone,1 Month
2381,30,Female,Laptop,1 Month
2382,34,Female,Tablet,1 Month
2383,35,Female,Tablet,1 Month
2384,30,Male,Smart TV,1 Month
2385,30,Male,Tablet,1 Month
2386,41,Female,Smartphone,1 Month
2387,39,Female,Smartphone,1 Month
2388,30,Male,Tablet,1 Month
2389,36,Female,Smart TV,1 Month
2390,33,Female,Smartphone,1 Month
2391,35,Female,Tablet,1 Month
2392,46,Male,Tablet,1 Month
2393,51,Female,Tablet,1 Month
2394,42,Female,Smartphone,1 Month
2395,30,Female,Smart TV,1 Month
2396,45,Male,Smartphone,1 Month
2397,27,Male,Smartphone,1 Month
2398,41,Male,Smart TV,1 Month
2399,35,Male,Tablet,1 Month
2400,30,Male,Laptop,1 Month
2401,35,Female,Laptop,1 Month
2402,47,Female,Smartphone,1 Month
2403,41,Male,Laptop,1 Month
2404,48,Female,Tablet,1 Month
2405,32,Female,Smart TV,1 Month
2406,35,Female,Smart TV,1 Month
2407,31,Female,Smartphone,1 Month
2408,45,Female,Smartphone,1 Month
2409,38,Female,Laptop,1 Month
2410,34,Male,Smartphone,1 Month
2411,37,Female,Smartphone,1 Month
2412,27,Female,Smart TV,1 Month
2413,44,Female,Tablet,1 Month
2414,46,Male,Smart TV,1 Month
2415,37,Male,Smart TV,1 Month
2416,44,Male,Tablet,1 Month
2417,29,Male,Smart TV,1 Month
2418,28,Female,Laptop,1 Month
2419,50,Male,Smart TV,1 Month
2420,39,Male,Laptop,1 Month
2421,34,Female,Smart TV,1 Month
2422,40,Male,Smart TV,1 Month
2423,30,Male,Laptop,1 Month
2424,41,Female,Laptop,1 Month
2425,39,Male,Tablet,1 Month
2426,51,Male,Smartphone,1 Month
2427,28,Female,Smartphone,1 Month
2428,30,Female,Tablet,1 Month
2429,30,Female,Smartphone,1 Month
2430,44,Female,Tablet,1 Month
2431,29,Female,Smart TV,1 Month
2432,28,Female,Tablet,1 Month
2433,48,Male,Tablet,1 Month
2434,42,Female,Smart TV,1 Month
2435,39,Male,Smartphone,1 Month
2436,44,Female,Smart TV,1 Month
2437,49,Male,Smart TV,1 Month
2438,49,Female,Smart TV,1 Month
2439,36,Female,Laptop,1 Month
2440,50,Female,Laptop,1 Month
2441,49,Female,Smartphone,1 Month
2442,36,Male,Smartphone,1 Month
2443,28,Female,Laptop,1 Month
2444,45,Female,Smartphone,1 Month
2445,31,Female,Smartphone,1 Month
2446,46,Male,Tablet,1 Month
2447,27,Male,Tablet,1 Month
2448,43,Male,Tablet,1 Month
2449,51,Female,Smart TV,1 Month
2450,47,Female,Smartphone,1 Month
2451,48,Female,Tablet,1 Month
2452,31,Female,Tablet,1 Month
2453,48,Female,Smartphone,1 Month
2454,36,Male,Smartphone,1 Month
2455,38,Female,Tablet,1 Month
2456,39,Male,Smartphone,1 Month
2457,48,Male,Tablet,1 Month
2458,30,Female,Smart TV,1 Month
2459,30,Male,Smart TV,1 Month
2460,35,Female,Smart TV,1 Month
2461,41,Male,Laptop,1 Month
2462,40,Female,Smart TV,1 Month
2463,50,Male,Smart TV,1 Month
2464,42,Female,Smartphone,1 Month
2465,30,Male,Tablet,1 Month
2466,34,Male,Laptop,1 Month
2467,40,Female,Smartphone,1 Month
2468,47,Female,Smartphone,1 Month
2469,36,Male,Laptop,1 Month
2470,50,Female,Tablet,1 Month
2471,46,Male,Smartphone,1 Month
2472,27,Female,Tablet,1 Month
2473,39,Female,Laptop,1 Month
2474,49,Male,Smart TV,1 Month
2475,37,Female,Tablet,1 Month
2476,28,Male,Tablet,1 Month
2477,40,Male,Laptop,1 Month
2478,47,Male,Tablet,1 Month
2479,51,Female,Laptop,1 Month
2480,47,Male,Laptop,1 Month
2481,33,Female,Laptop,1 Month
2482,37,Female,Laptop,1 Month
2483,42,Male,Laptop,1 Month
2484,50,Female,Smart TV,1 Month
2485,47,Female,Tablet,1 Month
2486,40,Female,Smartphone,1 Month
2487,35,Male,Smart TV,1 Month
2488,29,Female,Smartphone,1 Month
2489,48,Female,Smartphone,1 Month
2490,35,Male,Smart TV,1 Month
2491,41,Female,Smartphone,1 Month
2492,29,Female,Laptop,1 Month
2493,33,Male,Smart TV,1 Month
2494,36,Male,Smart TV,1 Month
2495,43,Female,Laptop,1 Month
2496,28,Female,Smart TV,1 Month
2497,33,Female,Smart TV,1 Month
2498,38,Male,Laptop,1 Month
2499,48,Female,Tablet,1 Month
2500,35,Female,Smart TV,1 Month
